name,n_tuples,n_attributes,p_num_var,p_cat_var,p_duplicates,total_size,p_avg_distinct,p_max_distinct,p_min_distinct,avg_density,max_density,min_density,avg_entropy,max_entropy,min_entropy,p_correlated_features,max_pearson,min_pearson,ML_ALGORITHM,ERROR_TYPE,BEST_METHOD
iris,150,5,1.0,0.0,0.02,6128,0.168,0.2867,0.02,0.0351,0.0644,0.0,2.7058,3.4892,1.0986,0.8,0.9628,-0.4205,DECISION_TREES,uniform,KNN
iris,150,5,1.0,0.0,0.02,6128,0.168,0.2867,0.02,0.0351,0.0644,0.0,2.7058,3.4892,1.0986,0.8,0.9628,-0.4205,DECISION_TREES,column-based,MICE
iris,150,5,1.0,0.0,0.02,6128,0.168,0.2867,0.02,0.0351,0.0644,0.0,2.7058,3.4892,1.0986,0.8,0.9628,-0.4205,DECISION_TREES,row-based,STANDARD
iris,150,5,1.0,0.0,0.02,6128,0.168,0.2867,0.02,0.0351,0.0644,0.0,2.7058,3.4892,1.0986,0.8,0.9628,-0.4205,KNN,uniform,MICE
iris,150,5,1.0,0.0,0.02,6128,0.168,0.2867,0.02,0.0351,0.0644,0.0,2.7058,3.4892,1.0986,0.8,0.9628,-0.4205,KNN,column-based,MICE
iris,150,5,1.0,0.0,0.02,6128,0.168,0.2867,0.02,0.0351,0.0644,0.0,2.7058,3.4892,1.0986,0.8,0.9628,-0.4205,KNN,row-based,DROP_ROWS
iris,150,5,1.0,0.0,0.02,6128,0.168,0.2867,0.02,0.0351,0.0644,0.0,2.7058,3.4892,1.0986,0.8,0.9628,-0.4205,NAIVE_BAYES,uniform,KNN
iris,150,5,1.0,0.0,0.02,6128,0.168,0.2867,0.02,0.0351,0.0644,0.0,2.7058,3.4892,1.0986,0.8,0.9628,-0.4205,NAIVE_BAYES,column-based,MICE
iris,150,5,1.0,0.0,0.02,6128,0.168,0.2867,0.02,0.0351,0.0644,0.0,2.7058,3.4892,1.0986,0.8,0.9628,-0.4205,NAIVE_BAYES,row-based,DROP_ROWS
iris,150,5,1.0,0.0,0.02,6128,0.168,0.2867,0.02,0.0351,0.0644,0.0,2.7058,3.4892,1.0986,0.8,0.9628,-0.4205,LOGISTIC_REGR,uniform,MICE
iris,150,5,1.0,0.0,0.02,6128,0.168,0.2867,0.02,0.0351,0.0644,0.0,2.7058,3.4892,1.0986,0.8,0.9628,-0.4205,LOGISTIC_REGR,column-based,MICE
iris,150,5,1.0,0.0,0.02,6128,0.168,0.2867,0.02,0.0351,0.0644,0.0,2.7058,3.4892,1.0986,0.8,0.9628,-0.4205,LOGISTIC_REGR,row-based,DROP_ROWS
cancer,683,10,1.0,0.0,0.3426,54768,0.0133,0.0146,0.0029,1.9827,11.2555,0.7482,1.4739,2.1138,0.6474,0.9,0.9072,0.3392,DECISION_TREES,uniform,KNN
cancer,683,10,1.0,0.0,0.3426,54768,0.0133,0.0146,0.0029,1.9827,11.2555,0.7482,1.4739,2.1138,0.6474,0.9,0.9072,0.3392,DECISION_TREES,column-based,MF
cancer,683,10,1.0,0.0,0.3426,54768,0.0133,0.0146,0.0029,1.9827,11.2555,0.7482,1.4739,2.1138,0.6474,0.9,0.9072,0.3392,DECISION_TREES,row-based,KNN
cancer,683,10,1.0,0.0,0.3426,54768,0.0133,0.0146,0.0029,1.9827,11.2555,0.7482,1.4739,2.1138,0.6474,0.9,0.9072,0.3392,KNN,uniform,KNN
cancer,683,10,1.0,0.0,0.3426,54768,0.0133,0.0146,0.0029,1.9827,11.2555,0.7482,1.4739,2.1138,0.6474,0.9,0.9072,0.3392,KNN,column-based,KNN
cancer,683,10,1.0,0.0,0.3426,54768,0.0133,0.0146,0.0029,1.9827,11.2555,0.7482,1.4739,2.1138,0.6474,0.9,0.9072,0.3392,KNN,row-based,DROP_ROWS
cancer,683,10,1.0,0.0,0.3426,54768,0.0133,0.0146,0.0029,1.9827,11.2555,0.7482,1.4739,2.1138,0.6474,0.9,0.9072,0.3392,NAIVE_BAYES,uniform,KNN
cancer,683,10,1.0,0.0,0.3426,54768,0.0133,0.0146,0.0029,1.9827,11.2555,0.7482,1.4739,2.1138,0.6474,0.9,0.9072,0.3392,NAIVE_BAYES,column-based,KNN
cancer,683,10,1.0,0.0,0.3426,54768,0.0133,0.0146,0.0029,1.9827,11.2555,0.7482,1.4739,2.1138,0.6474,0.9,0.9072,0.3392,NAIVE_BAYES,row-based,KNN
cancer,683,10,1.0,0.0,0.3426,54768,0.0133,0.0146,0.0029,1.9827,11.2555,0.7482,1.4739,2.1138,0.6474,0.9,0.9072,0.3392,LOGISTIC_REGR,uniform,KNN
cancer,683,10,1.0,0.0,0.3426,54768,0.0133,0.0146,0.0029,1.9827,11.2555,0.7482,1.4739,2.1138,0.6474,0.9,0.9072,0.3392,LOGISTIC_REGR,column-based,KNN
cancer,683,10,1.0,0.0,0.3426,54768,0.0133,0.0146,0.0029,1.9827,11.2555,0.7482,1.4739,2.1138,0.6474,0.9,0.9072,0.3392,LOGISTIC_REGR,row-based,DROP_ROWS
wine,1599,12,1.0,0.0,0.1501,153632,0.076,0.2727,0.0038,0.2745,3.1739,0.0004,3.8914,5.5149,1.1846,0.0,0.6717,-0.683,DECISION_TREES,uniform,KNN
wine,1599,12,1.0,0.0,0.1501,153632,0.076,0.2727,0.0038,0.2745,3.1739,0.0004,3.8914,5.5149,1.1846,0.0,0.6717,-0.683,DECISION_TREES,column-based,DROP_COLS
wine,1599,12,1.0,0.0,0.1501,153632,0.076,0.2727,0.0038,0.2745,3.1739,0.0004,3.8914,5.5149,1.1846,0.0,0.6717,-0.683,DECISION_TREES,row-based,DROP_ROWS
wine,1599,12,1.0,0.0,0.1501,153632,0.076,0.2727,0.0038,0.2745,3.1739,0.0004,3.8914,5.5149,1.1846,0.0,0.6717,-0.683,KNN,uniform,KNN
wine,1599,12,1.0,0.0,0.1501,153632,0.076,0.2727,0.0038,0.2745,3.1739,0.0004,3.8914,5.5149,1.1846,0.0,0.6717,-0.683,KNN,column-based,KNN
wine,1599,12,1.0,0.0,0.1501,153632,0.076,0.2727,0.0038,0.2745,3.1739,0.0004,3.8914,5.5149,1.1846,0.0,0.6717,-0.683,KNN,row-based,DROP_ROWS
wine,1599,12,1.0,0.0,0.1501,153632,0.076,0.2727,0.0038,0.2745,3.1739,0.0004,3.8914,5.5149,1.1846,0.0,0.6717,-0.683,NAIVE_BAYES,uniform,KNN
wine,1599,12,1.0,0.0,0.1501,153632,0.076,0.2727,0.0038,0.2745,3.1739,0.0004,3.8914,5.5149,1.1846,0.0,0.6717,-0.683,NAIVE_BAYES,column-based,KNN
wine,1599,12,1.0,0.0,0.1501,153632,0.076,0.2727,0.0038,0.2745,3.1739,0.0004,3.8914,5.5149,1.1846,0.0,0.6717,-0.683,NAIVE_BAYES,row-based,KNN
wine,1599,12,1.0,0.0,0.1501,153632,0.076,0.2727,0.0038,0.2745,3.1739,0.0004,3.8914,5.5149,1.1846,0.0,0.6717,-0.683,LOGISTIC_REGR,uniform,KNN
wine,1599,12,1.0,0.0,0.1501,153632,0.076,0.2727,0.0038,0.2745,3.1739,0.0004,3.8914,5.5149,1.1846,0.0,0.6717,-0.683,LOGISTIC_REGR,column-based,KNN
wine,1599,12,1.0,0.0,0.1501,153632,0.076,0.2727,0.0038,0.2745,3.1739,0.0004,3.8914,5.5149,1.1846,0.0,0.6717,-0.683,LOGISTIC_REGR,row-based,MICE
letter,2001,17,0.94,0.06,0.009,272264,0.0081,0.013,0.007,0.404,0.5453,0.0374,2.2084,3.2482,1.7939,0.3125,0.8516,-0.3953,DECISION_TREES,uniform,KN
letter,2001,17,0.94,0.06,0.009,272264,0.0081,0.013,0.007,0.404,0.5453,0.0374,2.2084,3.2482,1.7939,0.3125,0.8516,-0.3953,DECISION_TREES,column-based,KNN
letter,2001,17,0.94,0.06,0.009,272264,0.0081,0.013,0.007,0.404,0.5453,0.0374,2.2084,3.2482,1.7939,0.3125,0.8516,-0.3953,DECISION_TREES,row-based,DROP_ROWS
letter,2001,17,0.94,0.06,0.009,272264,0.0081,0.013,0.007,0.404,0.5453,0.0374,2.2084,3.2482,1.7939,0.3125,0.8516,-0.3953,KNN,uniform,KNN
letter,2001,17,0.94,0.06,0.009,272264,0.0081,0.013,0.007,0.404,0.5453,0.0374,2.2084,3.2482,1.7939,0.3125,0.8516,-0.3953,KNN,column-based,KNN
letter,2001,17,0.94,0.06,0.009,272264,0.0081,0.013,0.007,0.404,0.5453,0.0374,2.2084,3.2482,1.7939,0.3125,0.8516,-0.3953,KNN,row-based,DROP_ROWS
letter,2001,17,0.94,0.06,0.009,272264,0.0081,0.013,0.007,0.404,0.5453,0.0374,2.2084,3.2482,1.7939,0.3125,0.8516,-0.3953,NAIVE_BAYES,uniform,KNN
letter,2001,17,0.94,0.06,0.009,272264,0.0081,0.013,0.007,0.404,0.5453,0.0374,2.2084,3.2482,1.7939,0.3125,0.8516,-0.3953,NAIVE_BAYES,column-based,KNN
letter,2001,17,0.94,0.06,0.009,272264,0.0081,0.013,0.007,0.404,0.5453,0.0374,2.2084,3.2482,1.7939,0.3125,0.8516,-0.3953,NAIVE_BAYES,row-based,DROP_ROWS
letter,2001,17,0.94,0.06,0.009,272264,0.0081,0.013,0.007,0.404,0.5453,0.0374,2.2084,3.2482,1.7939,0.3125,0.8516,-0.3953,LOGISTIC_REGR,uniform,KNN
letter,2001,17,0.94,0.06,0.009,272264,0.0081,0.013,0.007,0.404,0.5453,0.0374,2.2084,3.2482,1.7939,0.3125,0.8516,-0.3953,LOGISTIC_REGR,column-based,KNN
letter,2001,17,0.94,0.06,0.009,272264,0.0081,0.013,0.007,0.404,0.5453,0.0374,2.2084,3.2482,1.7939,0.3125,0.8516,-0.3953,LOGISTIC_REGR,row-based,MICE
soybean,249,36,0.0,1.0,0.012,71840,0.0125,0.0602,0.008,16.1119,36.8976,0.2139,0.7101,2.551,0.0467,nan,nan,nan,DECISION_TREES,uniform,KNN
soybean,249,36,0.0,1.0,0.012,71840,0.0125,0.0602,0.008,16.1119,36.8976,0.2139,0.7101,2.551,0.0467,nan,nan,nan,DECISION_TREES,column-based,DROP_COLS
soybean,249,36,0.0,1.0,0.012,71840,0.0125,0.0602,0.008,16.1119,36.8976,0.2139,0.7101,2.551,0.0467,nan,nan,nan,DECISION_TREES,row-based,KNN
soybean,249,36,0.0,1.0,0.012,71840,0.0125,0.0602,0.008,16.1119,36.8976,0.2139,0.7101,2.551,0.0467,nan,nan,nan,KNN,uniform,KNN
soybean,249,36,0.0,1.0,0.012,71840,0.0125,0.0602,0.008,16.1119,36.8976,0.2139,0.7101,2.551,0.0467,nan,nan,nan,KNN,column-based,DROP_COL
soybean,249,36,0.0,1.0,0.012,71840,0.0125,0.0602,0.008,16.1119,36.8976,0.2139,0.7101,2.551,0.0467,nan,nan,nan,KNN,row-based,MODE
soybean,249,36,0.0,1.0,0.012,71840,0.0125,0.0602,0.008,16.1119,36.8976,0.2139,0.7101,2.551,0.0467,nan,nan,nan,NAIVE_BAYES,uniform,KNN
soybean,249,36,0.0,1.0,0.012,71840,0.0125,0.0602,0.008,16.1119,36.8976,0.2139,0.7101,2.551,0.0467,nan,nan,nan,NAIVE_BAYES,column-based,NOP
soybean,249,36,0.0,1.0,0.012,71840,0.0125,0.0602,0.008,16.1119,36.8976,0.2139,0.7101,2.551,0.0467,nan,nan,nan,NAIVE_BAYES,row-based,KNN
soybean,249,36,0.0,1.0,0.012,71840,0.0125,0.0602,0.008,16.1119,36.8976,0.2139,0.7101,2.551,0.0467,nan,nan,nan,LOGISTIC_REGR,uniform,KNN
soybean,249,36,0.0,1.0,0.012,71840,0.0125,0.0602,0.008,16.1119,36.8976,0.2139,0.7101,2.551,0.0467,nan,nan,nan,LOGISTIC_REGR,column-based,MODE
soybean,249,36,0.0,1.0,0.012,71840,0.0125,0.0602,0.008,16.1119,36.8976,0.2139,0.7101,2.551,0.0467,nan,nan,nan,LOGISTIC_REGR,row-based,DROP_ROWS
users,322,5,0.0,1.0,0.9534,13008,0.0112,0.0124,0.0062,6.8886,14.9068,3.5393,0.9817,1.2812,0.6119,nan,nan,nan,DECISION_TREES,uniform,KNN
users,322,5,0.0,1.0,0.9534,13008,0.0112,0.0124,0.0062,6.8886,14.9068,3.5393,0.9817,1.2812,0.6119,nan,nan,nan,DECISION_TREES,column-based,KNN
users,322,5,0.0,1.0,0.9534,13008,0.0112,0.0124,0.0062,6.8886,14.9068,3.5393,0.9817,1.2812,0.6119,nan,nan,nan,DECISION_TREES,row-based,DROP_ROWS
users,322,5,0.0,1.0,0.9534,13008,0.0112,0.0124,0.0062,6.8886,14.9068,3.5393,0.9817,1.2812,0.6119,nan,nan,nan,KNN,uniform,KNN
users,322,5,0.0,1.0,0.9534,13008,0.0112,0.0124,0.0062,6.8886,14.9068,3.5393,0.9817,1.2812,0.6119,nan,nan,nan,KNN,column-based,DROP_COLS
users,322,5,0.0,1.0,0.9534,13008,0.0112,0.0124,0.0062,6.8886,14.9068,3.5393,0.9817,1.2812,0.6119,nan,nan,nan,KNN,row-based,KNN
users,322,5,0.0,1.0,0.9534,13008,0.0112,0.0124,0.0062,6.8886,14.9068,3.5393,0.9817,1.2812,0.6119,nan,nan,nan,NAIVE_BAYES,uniform,MF
users,322,5,0.0,1.0,0.9534,13008,0.0112,0.0124,0.0062,6.8886,14.9068,3.5393,0.9817,1.2812,0.6119,nan,nan,nan,NAIVE_BAYES,column-based,MF
users,322,5,0.0,1.0,0.9534,13008,0.0112,0.0124,0.0062,6.8886,14.9068,3.5393,0.9817,1.2812,0.6119,nan,nan,nan,NAIVE_BAYES,row-based,KNN
users,322,5,0.0,1.0,0.9534,13008,0.0112,0.0124,0.0062,6.8886,14.9068,3.5393,0.9817,1.2812,0.6119,nan,nan,nan,LOGISTIC_REGR,uniform,NO
users,322,5,0.0,1.0,0.9534,13008,0.0112,0.0124,0.0062,6.8886,14.9068,3.5393,0.9817,1.2812,0.6119,nan,nan,nan,LOGISTIC_REGR,column-based,DROP_COLS
users,322,5,0.0,1.0,0.9534,13008,0.0112,0.0124,0.0062,6.8886,14.9068,3.5393,0.9817,1.2812,0.6119,nan,nan,nan,LOGISTIC_REGR,row-based,DROP_ROWS
mushrooms,4021,23,0.0,1.0,0.0,711845,0.0013,0.003,0.0002,6.6123,35.7281,0.0,0.9857,2.0917,-0.0,nan,nan,nan,DECISION_TREES,uniform,KNN
mushrooms,4021,23,0.0,1.0,0.0,711845,0.0013,0.003,0.0002,6.6123,35.7281,0.0,0.9857,2.0917,-0.0,nan,nan,nan,DECISION_TREES,column-based,DROP_COLS
mushrooms,4021,23,0.0,1.0,0.0,711845,0.0013,0.003,0.0002,6.6123,35.7281,0.0,0.9857,2.0917,-0.0,nan,nan,nan,DECISION_TREES,row-based,DROP_ROWS
mushrooms,4021,23,0.0,1.0,0.0,711845,0.0013,0.003,0.0002,6.6123,35.7281,0.0,0.9857,2.0917,-0.0,nan,nan,nan,KNN,uniform,KNN
mushrooms,4021,23,0.0,1.0,0.0,711845,0.0013,0.003,0.0002,6.6123,35.7281,0.0,0.9857,2.0917,-0.0,nan,nan,nan,KNN,column-based,MODE
mushrooms,4021,23,0.0,1.0,0.0,711845,0.0013,0.003,0.0002,6.6123,35.7281,0.0,0.9857,2.0917,-0.0,nan,nan,nan,KNN,row-based,MICE
mushrooms,4021,23,0.0,1.0,0.0,711845,0.0013,0.003,0.0002,6.6123,35.7281,0.0,0.9857,2.0917,-0.0,nan,nan,nan,NAIVE_BAYES,uniform,NOP
mushrooms,4021,23,0.0,1.0,0.0,711845,0.0013,0.003,0.0002,6.6123,35.7281,0.0,0.9857,2.0917,-0.0,nan,nan,nan,NAIVE_BAYES,column-based,NOP
mushrooms,4021,23,0.0,1.0,0.0,711845,0.0013,0.003,0.0002,6.6123,35.7281,0.0,0.9857,2.0917,-0.0,nan,nan,nan,NAIVE_BAYES,row-based,DROP_ROWS
mushrooms,4021,23,0.0,1.0,0.0,711845,0.0013,0.003,0.0002,6.6123,35.7281,0.0,0.9857,2.0917,-0.0,nan,nan,nan,LOGISTIC_REGR,uniform,NOP
mushrooms,4021,23,0.0,1.0,0.0,711845,0.0013,0.003,0.0002,6.6123,35.7281,0.0,0.9857,2.0917,-0.0,nan,nan,nan,LOGISTIC_REGR,column-based,DROP_COLS
mushrooms,4021,23,0.0,1.0,0.0,711845,0.0013,0.003,0.0002,6.6123,35.7281,0.0,0.9857,2.0917,-0.0,nan,nan,nan,LOGISTIC_REGR,row-based,DROP_ROWS
german,1000,10,0.4,0.6,0.0,80128,0.1033,0.921,0.002,6.2992,15.0,0.0,1.9213,6.7956,0.6109,0.0,0.625,-0.0361,DECISION_TREES,uniform,MICE
german,1000,10,0.4,0.6,0.0,80128,0.1033,0.921,0.002,6.2992,15.0,0.0,1.9213,6.7956,0.6109,0.0,0.625,-0.0361,DECISION_TREES,column-based,MICE
german,1000,10,0.4,0.6,0.0,80128,0.1033,0.921,0.002,6.2992,15.0,0.0,1.9213,6.7956,0.6109,0.0,0.625,-0.0361,DECISION_TREES,row-based,MICE
german,1000,10,0.4,0.6,0.0,80128,0.1033,0.921,0.002,6.2992,15.0,0.0,1.9213,6.7956,0.6109,0.0,0.625,-0.0361,KNN,uniform,KNN
german,1000,10,0.4,0.6,0.0,80128,0.1033,0.921,0.002,6.2992,15.0,0.0,1.9213,6.7956,0.6109,0.0,0.625,-0.0361,KNN,column-based,MICE
german,1000,10,0.4,0.6,0.0,80128,0.1033,0.921,0.002,6.2992,15.0,0.0,1.9213,6.7956,0.6109,0.0,0.625,-0.0361,KNN,row-based,MICE
german,1000,10,0.4,0.6,0.0,80128,0.1033,0.921,0.002,6.2992,15.0,0.0,1.9213,6.7956,0.6109,0.0,0.625,-0.0361,NAIVE_BAYES,uniform,KNN
german,1000,10,0.4,0.6,0.0,80128,0.1033,0.921,0.002,6.2992,15.0,0.0,1.9213,6.7956,0.6109,0.0,0.625,-0.0361,NAIVE_BAYES,column-based,MICE
german,1000,10,0.4,0.6,0.0,80128,0.1033,0.921,0.002,6.2992,15.0,0.0,1.9213,6.7956,0.6109,0.0,0.625,-0.0361,NAIVE_BAYES,row-based,MICE
german,1000,10,0.4,0.6,0.0,80128,0.1033,0.921,0.002,6.2992,15.0,0.0,1.9213,6.7956,0.6109,0.0,0.625,-0.0361,LOGISTIC_REGR,uniform,MICE
german,1000,10,0.4,0.6,0.0,80128,0.1033,0.921,0.002,6.2992,15.0,0.0,1.9213,6.7956,0.6109,0.0,0.625,-0.0361,LOGISTIC_REGR,column-based,MODE
german,1000,10,0.4,0.6,0.0,80128,0.1033,0.921,0.002,6.2992,15.0,0.0,1.9213,6.7956,0.6109,0.0,0.625,-0.0361,LOGISTIC_REGR,row-based,MEDIAN
car,1728,7,0.0,1.0,0.0,96896,0.0021,0.0023,0.0017,0.9712,6.7984,0.0,1.1844,1.3863,0.8358,nan,nan,nan,DECISION_TREES,uniform,MICE
car,1728,7,0.0,1.0,0.0,96896,0.0021,0.0023,0.0017,0.9712,6.7984,0.0,1.1844,1.3863,0.8358,nan,nan,nan,DECISION_TREES,column-based,MICE
car,1728,7,0.0,1.0,0.0,96896,0.0021,0.0023,0.0017,0.9712,6.7984,0.0,1.1844,1.3863,0.8358,nan,nan,nan,DECISION_TREES,row-based,DROP_ROW
car,1728,7,0.0,1.0,0.0,96896,0.0021,0.0023,0.0017,0.9712,6.7984,0.0,1.1844,1.3863,0.8358,nan,nan,nan,KNN,uniform,KNN
car,1728,7,0.0,1.0,0.0,96896,0.0021,0.0023,0.0017,0.9712,6.7984,0.0,1.1844,1.3863,0.8358,nan,nan,nan,KNN,column-based,KNN
car,1728,7,0.0,1.0,0.0,96896,0.0021,0.0023,0.0017,0.9712,6.7984,0.0,1.1844,1.3863,0.8358,nan,nan,nan,KNN,row-based,KNN
car,1728,7,0.0,1.0,0.0,96896,0.0021,0.0023,0.0017,0.9712,6.7984,0.0,1.1844,1.3863,0.8358,nan,nan,nan,NAIVE_BAYES,uniform,KNN
car,1728,7,0.0,1.0,0.0,96896,0.0021,0.0023,0.0017,0.9712,6.7984,0.0,1.1844,1.3863,0.8358,nan,nan,nan,NAIVE_BAYES,column-based,NOP
car,1728,7,0.0,1.0,0.0,96896,0.0021,0.0023,0.0017,0.9712,6.7984,0.0,1.1844,1.3863,0.8358,nan,nan,nan,NAIVE_BAYES,row-based,DROP_ROWS
car,1728,7,0.0,1.0,0.0,96896,0.0021,0.0023,0.0017,0.9712,6.7984,0.0,1.1844,1.3863,0.8358,nan,nan,nan,LOGISTIC_REGR,uniform,NOP
car,1728,7,0.0,1.0,0.0,96896,0.0021,0.0023,0.0017,0.9712,6.7984,0.0,1.1844,1.3863,0.8358,nan,nan,nan,LOGISTIC_REGR,column-based,NOP
car,1728,7,0.0,1.0,0.0,96896,0.0021,0.0023,0.0017,0.9712,6.7984,0.0,1.1844,1.3863,0.8358,nan,nan,nan,LOGISTIC_REGR,row-based,DROP_ROWS
adult,3017,15,0.4,0.6,0.0,362168,0.0711,0.9486,0.0007,3.0447,18.6816,0.0,1.8318,7.9385,0.3115,0.0,0.1536,-0.0778,DECISION_TREES,uniform,MICE
adult,3017,15,0.4,0.6,0.0,362168,0.0711,0.9486,0.0007,3.0447,18.6816,0.0,1.8318,7.9385,0.3115,0.0,0.1536,-0.0778,DECISION_TREES,column-based,MICE
adult,3017,15,0.4,0.6,0.0,362168,0.0711,0.9486,0.0007,3.0447,18.6816,0.0,1.8318,7.9385,0.3115,0.0,0.1536,-0.0778,DECISION_TREES,row-based,MICE
adult,3017,15,0.4,0.6,0.0,362168,0.0711,0.9486,0.0007,3.0447,18.6816,0.0,1.8318,7.9385,0.3115,0.0,0.1536,-0.0778,KNN,uniform,MICE
adult,3017,15,0.4,0.6,0.0,362168,0.0711,0.9486,0.0007,3.0447,18.6816,0.0,1.8318,7.9385,0.3115,0.0,0.1536,-0.0778,KNN,column-based,MICE
adult,3017,15,0.4,0.6,0.0,362168,0.0711,0.9486,0.0007,3.0447,18.6816,0.0,1.8318,7.9385,0.3115,0.0,0.1536,-0.0778,KNN,row-based,MICE
adult,3017,15,0.4,0.6,0.0,362168,0.0711,0.9486,0.0007,3.0447,18.6816,0.0,1.8318,7.9385,0.3115,0.0,0.1536,-0.0778,NAIVE_BAYES,uniform,KNN
adult,3017,15,0.4,0.6,0.0,362168,0.0711,0.9486,0.0007,3.0447,18.6816,0.0,1.8318,7.9385,0.3115,0.0,0.1536,-0.0778,NAIVE_BAYES,column-based,MIC
adult,3017,15,0.4,0.6,0.0,362168,0.0711,0.9486,0.0007,3.0447,18.6816,0.0,1.8318,7.9385,0.3115,0.0,0.1536,-0.0778,NAIVE_BAYES,row-based,MICE
adult,3017,15,0.4,0.6,0.0,362168,0.0711,0.9486,0.0007,3.0447,18.6816,0.0,1.8318,7.9385,0.3115,0.0,0.1536,-0.0778,LOGISTIC_REGR,uniform,MICE
adult,3017,15,0.4,0.6,0.0,362168,0.0711,0.9486,0.0007,3.0447,18.6816,0.0,1.8318,7.9385,0.3115,0.0,0.1536,-0.0778,LOGISTIC_REGR,column-based,MEAN
adult,3017,15,0.4,0.6,0.0,362168,0.0711,0.9486,0.0007,3.0447,18.6816,0.0,1.8318,7.9385,0.3115,0.0,0.1536,-0.0778,LOGISTIC_REGR,row-based,MICE
house,501,75,0.48,0.52,0.0,300728,0.1009,0.8064,0.002,5.8949,37.2006,0.0,1.4975,5.8662,-0.0,0.2222,0.8849,-0.5102,DECISION_TREES,uniform,MF
house,501,75,0.48,0.52,0.0,300728,0.1009,0.8064,0.002,5.8949,37.2006,0.0,1.4975,5.8662,-0.0,0.2222,0.8849,-0.5102,DECISION_TREES,column-based,MF
house,501,75,0.48,0.52,0.0,300728,0.1009,0.8064,0.002,5.8949,37.2006,0.0,1.4975,5.8662,-0.0,0.2222,0.8849,-0.5102,DECISION_TREES,row-based,DROP_ROWS
house,501,75,0.48,0.52,0.0,300728,0.1009,0.8064,0.002,5.8949,37.2006,0.0,1.4975,5.8662,-0.0,0.2222,0.8849,-0.5102,KNN,uniform,MICE
house,501,75,0.48,0.52,0.0,300728,0.1009,0.8064,0.002,5.8949,37.2006,0.0,1.4975,5.8662,-0.0,0.2222,0.8849,-0.5102,KNN,column-based,KNN
house,501,75,0.48,0.52,0.0,300728,0.1009,0.8064,0.002,5.8949,37.2006,0.0,1.4975,5.8662,-0.0,0.2222,0.8849,-0.5102,KNN,row-based,MICE
house,501,75,0.48,0.52,0.0,300728,0.1009,0.8064,0.002,5.8949,37.2006,0.0,1.4975,5.8662,-0.0,0.2222,0.8849,-0.5102,NAIVE_BAYES,uniform,STD
house,501,75,0.48,0.52,0.0,300728,0.1009,0.8064,0.002,5.8949,37.2006,0.0,1.4975,5.8662,-0.0,0.2222,0.8849,-0.5102,NAIVE_BAYES,column-based,MEAN
house,501,75,0.48,0.52,0.0,300728,0.1009,0.8064,0.002,5.8949,37.2006,0.0,1.4975,5.8662,-0.0,0.2222,0.8849,-0.5102,NAIVE_BAYES,row-based,STD
house,501,75,0.48,0.52,0.0,300728,0.1009,0.8064,0.002,5.8949,37.2006,0.0,1.4975,5.8662,-0.0,0.2222,0.8849,-0.5102,LOGISTIC_REGR,uniform,NOP
house,501,75,0.48,0.52,0.0,300728,0.1009,0.8064,0.002,5.8949,37.2006,0.0,1.4975,5.8662,-0.0,0.2222,0.8849,-0.5102,LOGISTIC_REGR,column-based,NOP
house,501,75,0.48,0.52,0.0,300728,0.1009,0.8064,0.002,5.8949,37.2006,0.0,1.4975,5.8662,-0.0,0.2222,0.8849,-0.5102,LOGISTIC_REGR,row-based,DROP_ROWS
bank,3074,17,0.41,0.59,0.0,418192,0.0581,0.5917,0.0007,7.741,36.4021,0.0,1.9746,6.9959,0.0764,0.0,0.6061,-0.0901,DECISION_TREES,uniform,MICE
bank,3074,17,0.41,0.59,0.0,418192,0.0581,0.5917,0.0007,7.741,36.4021,0.0,1.9746,6.9959,0.0764,0.0,0.6061,-0.0901,DECISION_TREES,column-based,MICE
bank,3074,17,0.41,0.59,0.0,418192,0.0581,0.5917,0.0007,7.741,36.4021,0.0,1.9746,6.9959,0.0764,0.0,0.6061,-0.0901,DECISION_TREES,row-based,DROP_ROWS
bank,3074,17,0.41,0.59,0.0,418192,0.0581,0.5917,0.0007,7.741,36.4021,0.0,1.9746,6.9959,0.0764,0.0,0.6061,-0.0901,KNN,uniform,MICE
bank,3074,17,0.41,0.59,0.0,418192,0.0581,0.5917,0.0007,7.741,36.4021,0.0,1.9746,6.9959,0.0764,0.0,0.6061,-0.0901,KNN,column-based,MICE
bank,3074,17,0.41,0.59,0.0,418192,0.0581,0.5917,0.0007,7.741,36.4021,0.0,1.9746,6.9959,0.0764,0.0,0.6061,-0.0901,KNN,row-based,MICE
bank,3074,17,0.41,0.59,0.0,418192,0.0581,0.5917,0.0007,7.741,36.4021,0.0,1.9746,6.9959,0.0764,0.0,0.6061,-0.0901,NAIVE_BAYES,uniform,NOP
bank,3074,17,0.41,0.59,0.0,418192,0.0581,0.5917,0.0007,7.741,36.4021,0.0,1.9746,6.9959,0.0764,0.0,0.6061,-0.0901,NAIVE_BAYES,column-based,NOP
bank,3074,17,0.41,0.59,0.0,418192,0.0581,0.5917,0.0007,7.741,36.4021,0.0,1.9746,6.9959,0.0764,0.0,0.6061,-0.0901,NAIVE_BAYES,row-based,NOP
bank,3074,17,0.41,0.59,0.0,418192,0.0581,0.5917,0.0007,7.741,36.4021,0.0,1.9746,6.9959,0.0764,0.0,0.6061,-0.0901,LOGISTIC_REGR,uniform,MICE
bank,3074,17,0.41,0.59,0.0,418192,0.0581,0.5917,0.0007,7.741,36.4021,0.0,1.9746,6.9959,0.0764,0.0,0.6061,-0.0901,LOGISTIC_REGR,column-based,MEAN
bank,3074,17,0.41,0.59,0.0,418192,0.0581,0.5917,0.0007,7.741,36.4021,0.0,1.9746,6.9959,0.0764,0.0,0.6061,-0.0901,LOGISTIC_REGR,row-based,MEAN
