name,n_tuples,n_attributes,p_num_var,p_cat_var,p_duplicates,total_size,p_avg_distinct,p_max_distinct,p_min_distinct,avg_density,max_density,min_density,avg_entropy,max_entropy,min_entropy,p_correlated_features,max_pearson,min_pearson,%missing,ML_ALGORITHM,BEST_METHOD1,SCORE1,BEST_METHOD2,SCORE2,BEST_METHOD3,SCORE3
iris,150,5,1.0,0.0,0.02,6128,0.168,0.2867,0.02,0.0351,0.0644,0.0,2.7058,3.4892,1.0986,0.8,0.9628,-0.4205,0.4002,dt,impute_standard,0.8008804187972666,impute_median,0.7904901215875093,impute_std,0.7902844066811805
iris,150,5,1.0,0.0,0.02,6128,0.168,0.2867,0.02,0.0351,0.0644,0.0,2.7058,3.4892,1.0986,0.8,0.9628,-0.4205,0.3192,dt,impute_standard,0.8401705012673657,impute_mice,0.8394595466121102,impute_std,0.8359872002943157
iris,150,5,1.0,0.0,0.02,6128,0.168,0.2867,0.02,0.0351,0.0644,0.0,2.7058,3.4892,1.0986,0.8,0.9628,-0.4205,0.2395,dt,impute_mice,0.8804238232409126,impute_soft,0.8796400362892237,impute_linear_and_logistic,0.869799248559293
iris,150,5,1.0,0.0,0.02,6128,0.168,0.2867,0.02,0.0351,0.0644,0.0,2.7058,3.4892,1.0986,0.8,0.9628,-0.4205,0.1682,dt,impute_soft,0.9148280974739829,impute_mice,0.9138252715840081,impute_linear_and_logistic,0.9091215787079744
iris,150,5,1.0,0.0,0.02,6128,0.168,0.2867,0.02,0.0351,0.0644,0.0,2.7058,3.4892,1.0986,0.8,0.9628,-0.4205,0.0782,dt,impute_soft,0.9451707353002163,impute_knn,0.9449913551184995,no_impute,0.9415912251646714
iris,150,5,1.0,0.0,0.02,6128,0.168,0.2867,0.02,0.0351,0.0644,0.0,2.7058,3.4892,1.0986,0.8,0.9628,-0.4205,0.4002,lr,impute_mice,0.8431037654681932,impute_median,0.8424310508940147,impute_mean,0.8186948409984018
iris,150,5,1.0,0.0,0.02,6128,0.168,0.2867,0.02,0.0351,0.0644,0.0,2.7058,3.4892,1.0986,0.8,0.9628,-0.4205,0.3192,lr,impute_mice,0.8643130186268653,impute_median,0.8379213319010895,impute_knn,0.8342869735612406
iris,150,5,1.0,0.0,0.02,6128,0.168,0.2867,0.02,0.0351,0.0644,0.0,2.7058,3.4892,1.0986,0.8,0.9628,-0.4205,0.2395,lr,impute_mice,0.8983552980344218,impute_knn,0.894669512479961,impute_linear_and_logistic,0.8794459650267504
iris,150,5,1.0,0.0,0.02,6128,0.168,0.2867,0.02,0.0351,0.0644,0.0,2.7058,3.4892,1.0986,0.8,0.9628,-0.4205,0.1682,lr,impute_mice,0.931212410129242,impute_median,0.9181450679906651,impute_linear_and_logistic,0.9124852407646665
iris,150,5,1.0,0.0,0.02,6128,0.168,0.2867,0.02,0.0351,0.0644,0.0,2.7058,3.4892,1.0986,0.8,0.9628,-0.4205,0.0782,lr,impute_soft,0.9471474090699585,impute_mice,0.9443727711978745,impute_knn,0.9426091496581349
iris,150,5,1.0,0.0,0.02,6128,0.168,0.2867,0.02,0.0351,0.0644,0.0,2.7058,3.4892,1.0986,0.8,0.9628,-0.4205,0.4002,knn,impute_mice,0.8118804075761494,impute_knn,0.7918336391058695,impute_soft,0.7829772206534507
iris,150,5,1.0,0.0,0.02,6128,0.168,0.2867,0.02,0.0351,0.0644,0.0,2.7058,3.4892,1.0986,0.8,0.9628,-0.4205,0.3192,knn,impute_mice,0.8651723093391264,impute_linear_and_logistic,0.840418387671529,impute_knn,0.8316593760298628
iris,150,5,1.0,0.0,0.02,6128,0.168,0.2867,0.02,0.0351,0.0644,0.0,2.7058,3.4892,1.0986,0.8,0.9628,-0.4205,0.2395,knn,impute_mice,0.9075998778581583,impute_knn,0.907317991688586,impute_soft,0.8933843621819615
iris,150,5,1.0,0.0,0.02,6128,0.168,0.2867,0.02,0.0351,0.0644,0.0,2.7058,3.4892,1.0986,0.8,0.9628,-0.4205,0.1682,knn,impute_soft,0.950563220293784,impute_mice,0.9334479760513227,impute_linear_and_logistic,0.9252579506576313
iris,150,5,1.0,0.0,0.02,6128,0.168,0.2867,0.02,0.0351,0.0644,0.0,2.7058,3.4892,1.0986,0.8,0.9628,-0.4205,0.0782,knn,impute_linear_and_logistic,0.954479875823395,impute_knn,0.9535762746283561,impute_mice,0.9508387933734416
iris,150,5,1.0,0.0,0.02,6128,0.168,0.2867,0.02,0.0351,0.0644,0.0,2.7058,3.4892,1.0986,0.8,0.9628,-0.4205,0.4002,nb,impute_mice,0.8402958608842983,impute_knn,0.8032276292452769,impute_linear_and_logistic,0.7938779262555209
iris,150,5,1.0,0.0,0.02,6128,0.168,0.2867,0.02,0.0351,0.0644,0.0,2.7058,3.4892,1.0986,0.8,0.9628,-0.4205,0.3192,nb,impute_mice,0.8770492068500875,impute_knn,0.8457000876046848,impute_median,0.8385103563621353
iris,150,5,1.0,0.0,0.02,6128,0.168,0.2867,0.02,0.0351,0.0644,0.0,2.7058,3.4892,1.0986,0.8,0.9628,-0.4205,0.2395,nb,impute_mice,0.9130068492626615,impute_linear_and_logistic,0.8858414171078529,impute_knn,0.8749503641675035
iris,150,5,1.0,0.0,0.02,6128,0.168,0.2867,0.02,0.0351,0.0644,0.0,2.7058,3.4892,1.0986,0.8,0.9628,-0.4205,0.1682,nb,impute_mice,0.917479478576101,impute_linear_and_logistic,0.9016381459166729,impute_soft,0.8999994434238622
iris,150,5,1.0,0.0,0.02,6128,0.168,0.2867,0.02,0.0351,0.0644,0.0,2.7058,3.4892,1.0986,0.8,0.9628,-0.4205,0.0782,nb,impute_mice,0.9443879565711573,impute_knn,0.9406036990142554,impute_linear_and_logistic,0.9352441019315658
cancer,683,10,1.0,0.0,0.3426,54768,0.0133,0.0146,0.0029,1.9827,11.2555,0.7482,1.4739,2.1138,0.6474,0.9,0.9072,0.3392,0.4506,dt,impute_mice,0.923448034607729,impute_soft,0.9201424278442265,no_impute,0.9128007886703143
cancer,683,10,1.0,0.0,0.3426,54768,0.0133,0.0146,0.0029,1.9827,11.2555,0.7482,1.4739,2.1138,0.6474,0.9,0.9072,0.3392,0.3638,dt,impute_soft,0.9230917344427609,impute_mice,0.9211600230842849,no_impute,0.9186051900038509
cancer,683,10,1.0,0.0,0.3426,54768,0.0133,0.0146,0.0029,1.9827,11.2555,0.7482,1.4739,2.1138,0.6474,0.9,0.9072,0.3392,0.268,dt,impute_soft,0.9366500002810634,impute_knn,0.9361893872733892,impute_mice,0.9296273595903538
cancer,683,10,1.0,0.0,0.3426,54768,0.0133,0.0146,0.0029,1.9827,11.2555,0.7482,1.4739,2.1138,0.6474,0.9,0.9072,0.3392,0.1822,dt,impute_knn,0.9421718961421058,impute_soft,0.940146914573148,impute_mice,0.9385161301536926
cancer,683,10,1.0,0.0,0.3426,54768,0.0133,0.0146,0.0029,1.9827,11.2555,0.7482,1.4739,2.1138,0.6474,0.9,0.9072,0.3392,0.0915,dt,impute_knn,0.946517869103923,impute_linear_and_logistic,0.9455358017786271,impute_soft,0.9428764342277094
cancer,683,10,1.0,0.0,0.3426,54768,0.0133,0.0146,0.0029,1.9827,11.2555,0.7482,1.4739,2.1138,0.6474,0.9,0.9072,0.3392,0.4506,lr,impute_mean,0.9458095541243002,no_impute,0.9455600714605507,impute_std,0.944385940480254
cancer,683,10,1.0,0.0,0.3426,54768,0.0133,0.0146,0.0029,1.9827,11.2555,0.7482,1.4739,2.1138,0.6474,0.9,0.9072,0.3392,0.3638,lr,impute_mean,0.9531917182931617,no_impute,0.9525441614025556,impute_std,0.9506752854404202
cancer,683,10,1.0,0.0,0.3426,54768,0.0133,0.0146,0.0029,1.9827,11.2555,0.7482,1.4739,2.1138,0.6474,0.9,0.9072,0.3392,0.268,lr,impute_soft,0.9601879776243876,impute_std,0.959786242081482,impute_mean,0.9589464641742427
cancer,683,10,1.0,0.0,0.3426,54768,0.0133,0.0146,0.0029,1.9827,11.2555,0.7482,1.4739,2.1138,0.6474,0.9,0.9072,0.3392,0.1822,lr,impute_mice,0.961796050558756,no_impute,0.9609835263266144,impute_mean,0.960790533403493
cancer,683,10,1.0,0.0,0.3426,54768,0.0133,0.0146,0.0029,1.9827,11.2555,0.7482,1.4739,2.1138,0.6474,0.9,0.9072,0.3392,0.0915,lr,impute_mice,0.968009871093324,no_impute,0.9676189130904891,impute_soft,0.967600247174296
cancer,683,10,1.0,0.0,0.3426,54768,0.0133,0.0146,0.0029,1.9827,11.2555,0.7482,1.4739,2.1138,0.6474,0.9,0.9072,0.3392,0.4506,knn,impute_mice,0.948231834330449,impute_soft,0.9461798129727444,impute_mean,0.9393611016304988
cancer,683,10,1.0,0.0,0.3426,54768,0.0133,0.0146,0.0029,1.9827,11.2555,0.7482,1.4739,2.1138,0.6474,0.9,0.9072,0.3392,0.3638,knn,impute_soft,0.9507336739702801,impute_mice,0.9480228265193399,impute_knn,0.9479810422377075
cancer,683,10,1.0,0.0,0.3426,54768,0.0133,0.0146,0.0029,1.9827,11.2555,0.7482,1.4739,2.1138,0.6474,0.9,0.9072,0.3392,0.268,knn,impute_soft,0.9605271907928885,impute_mice,0.95994852928438,impute_linear_and_logistic,0.9588630740624728
cancer,683,10,1.0,0.0,0.3426,54768,0.0133,0.0146,0.0029,1.9827,11.2555,0.7482,1.4739,2.1138,0.6474,0.9,0.9072,0.3392,0.1822,knn,impute_knn,0.9666082821864438,impute_soft,0.9656120748115357,impute_mice,0.9653981153856771
cancer,683,10,1.0,0.0,0.3426,54768,0.0133,0.0146,0.0029,1.9827,11.2555,0.7482,1.4739,2.1138,0.6474,0.9,0.9072,0.3392,0.0915,knn,impute_mice,0.9682223682146379,impute_knn,0.9670238142057176,no_impute,0.9669791248512598
cancer,683,10,1.0,0.0,0.3426,54768,0.0133,0.0146,0.0029,1.9827,11.2555,0.7482,1.4739,2.1138,0.6474,0.9,0.9072,0.3392,0.4506,nb,impute_knn,0.9507288124385493,impute_mice,0.9472880226965377,impute_soft,0.9458201343400736
cancer,683,10,1.0,0.0,0.3426,54768,0.0133,0.0146,0.0029,1.9827,11.2555,0.7482,1.4739,2.1138,0.6474,0.9,0.9072,0.3392,0.3638,nb,impute_knn,0.9546015020578242,impute_soft,0.9539571108603535,impute_linear_and_logistic,0.9506337278668134
cancer,683,10,1.0,0.0,0.3426,54768,0.0133,0.0146,0.0029,1.9827,11.2555,0.7482,1.4739,2.1138,0.6474,0.9,0.9072,0.3392,0.268,nb,impute_soft,0.9607883208849974,impute_knn,0.9585586483082132,impute_standard,0.9571708535900039
cancer,683,10,1.0,0.0,0.3426,54768,0.0133,0.0146,0.0029,1.9827,11.2555,0.7482,1.4739,2.1138,0.6474,0.9,0.9072,0.3392,0.1822,nb,impute_knn,0.9601969986630695,impute_linear_and_logistic,0.9597734199358373,impute_mice,0.9593807843870703
cancer,683,10,1.0,0.0,0.3426,54768,0.0133,0.0146,0.0029,1.9827,11.2555,0.7482,1.4739,2.1138,0.6474,0.9,0.9072,0.3392,0.0915,nb,impute_knn,0.964077341609193,impute_soft,0.9632601975750243,impute_mice,0.9630662198082349
wine,1599,12,1.0,0.0,0.1501,153632,0.076,0.2727,0.0038,0.2745,3.1739,0.0004,3.8914,5.5149,1.1846,0.0,0.6717,-0.683,0.4583,dt,impute_mean,0.46947029225555803,no_impute,0.46264981947313355,impute_median,0.46236752160716144
wine,1599,12,1.0,0.0,0.1501,153632,0.076,0.2727,0.0038,0.2745,3.1739,0.0004,3.8914,5.5149,1.1846,0.0,0.6717,-0.683,0.3685,dt,no_impute,0.4766428964404045,impute_mode,0.4755997364037029,impute_median,0.47501174598083185
wine,1599,12,1.0,0.0,0.1501,153632,0.076,0.2727,0.0038,0.2745,3.1739,0.0004,3.8914,5.5149,1.1846,0.0,0.6717,-0.683,0.2752,dt,impute_median,0.503589879656122,impute_mean,0.49828600126994815,no_impute,0.4966780695702664
wine,1599,12,1.0,0.0,0.1501,153632,0.076,0.2727,0.0038,0.2745,3.1739,0.0004,3.8914,5.5149,1.1846,0.0,0.6717,-0.683,0.1849,dt,impute_mice,0.534560418926266,impute_knn,0.5200572620751673,impute_linear_and_logistic,0.5161673844170528
wine,1599,12,1.0,0.0,0.1501,153632,0.076,0.2727,0.0038,0.2745,3.1739,0.0004,3.8914,5.5149,1.1846,0.0,0.6717,-0.683,0.0918,dt,impute_knn,0.5666177832022629,impute_linear_and_logistic,0.5602152782289573,impute_mice,0.5568983926262414
wine,1599,12,1.0,0.0,0.1501,153632,0.076,0.2727,0.0038,0.2745,3.1739,0.0004,3.8914,5.5149,1.1846,0.0,0.6717,-0.683,0.4583,lr,impute_mice,0.5400040454729726,impute_median,0.5375781587843694,impute_mean,0.5363513019567889
wine,1599,12,1.0,0.0,0.1501,153632,0.076,0.2727,0.0038,0.2745,3.1739,0.0004,3.8914,5.5149,1.1846,0.0,0.6717,-0.683,0.3685,lr,impute_mice,0.5588333649668833,impute_linear_and_logistic,0.5580074343371729,impute_mean,0.5535493473937273
wine,1599,12,1.0,0.0,0.1501,153632,0.076,0.2727,0.0038,0.2745,3.1739,0.0004,3.8914,5.5149,1.1846,0.0,0.6717,-0.683,0.2752,lr,impute_mice,0.5716807510784898,impute_knn,0.5694743340777029,impute_linear_and_logistic,0.568251786985378
wine,1599,12,1.0,0.0,0.1501,153632,0.076,0.2727,0.0038,0.2745,3.1739,0.0004,3.8914,5.5149,1.1846,0.0,0.6717,-0.683,0.1849,lr,impute_knn,0.5869776380680257,impute_mice,0.5844911932834103,impute_linear_and_logistic,0.5770314251119131
wine,1599,12,1.0,0.0,0.1501,153632,0.076,0.2727,0.0038,0.2745,3.1739,0.0004,3.8914,5.5149,1.1846,0.0,0.6717,-0.683,0.0918,lr,impute_linear_and_logistic,0.5976586885136809,impute_mice,0.5972148613905046,impute_knn,0.5932263387004915
wine,1599,12,1.0,0.0,0.1501,153632,0.076,0.2727,0.0038,0.2745,3.1739,0.0004,3.8914,5.5149,1.1846,0.0,0.6717,-0.683,0.4583,knn,impute_knn,0.48399520750570213,impute_mice,0.4821458293509875,no_impute,0.4783774060503928
wine,1599,12,1.0,0.0,0.1501,153632,0.076,0.2727,0.0038,0.2745,3.1739,0.0004,3.8914,5.5149,1.1846,0.0,0.6717,-0.683,0.3685,knn,impute_linear_and_logistic,0.5175969556708672,impute_median,0.5124549623888791,no_impute,0.5079436231429595
wine,1599,12,1.0,0.0,0.1501,153632,0.076,0.2727,0.0038,0.2745,3.1739,0.0004,3.8914,5.5149,1.1846,0.0,0.6717,-0.683,0.2752,knn,impute_mice,0.5347900392533445,impute_linear_and_logistic,0.5307529607663036,impute_median,0.5249231845717857
wine,1599,12,1.0,0.0,0.1501,153632,0.076,0.2727,0.0038,0.2745,3.1739,0.0004,3.8914,5.5149,1.1846,0.0,0.6717,-0.683,0.1849,knn,impute_mice,0.5514029369678739,impute_knn,0.5450171366580836,impute_linear_and_logistic,0.5441116976553158
wine,1599,12,1.0,0.0,0.1501,153632,0.076,0.2727,0.0038,0.2745,3.1739,0.0004,3.8914,5.5149,1.1846,0.0,0.6717,-0.683,0.0918,knn,impute_linear_and_logistic,0.5666939947136345,impute_mice,0.5665560606121203,impute_knn,0.5595033494666383
wine,1599,12,1.0,0.0,0.1501,153632,0.076,0.2727,0.0038,0.2745,3.1739,0.0004,3.8914,5.5149,1.1846,0.0,0.6717,-0.683,0.4583,nb,impute_knn,0.5007478751785748,impute_mice,0.499886153123654,impute_linear_and_logistic,0.49276283276290034
wine,1599,12,1.0,0.0,0.1501,153632,0.076,0.2727,0.0038,0.2745,3.1739,0.0004,3.8914,5.5149,1.1846,0.0,0.6717,-0.683,0.3685,nb,impute_mice,0.517209525696648,impute_knn,0.5109796762678882,impute_linear_and_logistic,0.5038034716732316
wine,1599,12,1.0,0.0,0.1501,153632,0.076,0.2727,0.0038,0.2745,3.1739,0.0004,3.8914,5.5149,1.1846,0.0,0.6717,-0.683,0.2752,nb,impute_mice,0.5301030893233821,impute_linear_and_logistic,0.5240217810083747,impute_knn,0.5237337585424076
wine,1599,12,1.0,0.0,0.1501,153632,0.076,0.2727,0.0038,0.2745,3.1739,0.0004,3.8914,5.5149,1.1846,0.0,0.6717,-0.683,0.1849,nb,impute_knn,0.5416957489716867,no_impute,0.5410315922499085,impute_mean,0.5410315922499085
wine,1599,12,1.0,0.0,0.1501,153632,0.076,0.2727,0.0038,0.2745,3.1739,0.0004,3.8914,5.5149,1.1846,0.0,0.6717,-0.683,0.0918,nb,impute_linear_and_logistic,0.5515620458689299,impute_mice,0.5514977728221638,no_impute,0.5512688866545017
letter,2001,17,0.94,0.06,0.009,272264,0.0081,0.013,0.007,0.404,0.5453,0.0374,2.2084,3.2482,1.7939,0.3125,0.8516,-0.3953,0.4707,dt,impute_median,0.26967956580949476,impute_mode,0.2692870806259477,no_impute,0.252402012947291
letter,2001,17,0.94,0.06,0.009,272264,0.0081,0.013,0.007,0.404,0.5453,0.0374,2.2084,3.2482,1.7939,0.3125,0.8516,-0.3953,0.3778,dt,impute_knn,0.3282695670234342,impute_mice,0.32746412392832447,impute_mode,0.32644212363319025
letter,2001,17,0.94,0.06,0.009,272264,0.0081,0.013,0.007,0.404,0.5453,0.0374,2.2084,3.2482,1.7939,0.3125,0.8516,-0.3953,0.2831,dt,impute_knn,0.4687852297387095,impute_mice,0.395353147724027,impute_mode,0.39270141524393665
letter,2001,17,0.94,0.06,0.009,272264,0.0081,0.013,0.007,0.404,0.5453,0.0374,2.2084,3.2482,1.7939,0.3125,0.8516,-0.3953,0.1883,dt,impute_knn,0.5703191116685747,impute_mice,0.49814504842844964,impute_linear_and_logistic,0.4773543960642398
letter,2001,17,0.94,0.06,0.009,272264,0.0081,0.013,0.007,0.404,0.5453,0.0374,2.2084,3.2482,1.7939,0.3125,0.8516,-0.3953,0.094,dt,impute_knn,0.6449595064065832,impute_mice,0.5900294447623454,impute_soft,0.5794254284435127
letter,2001,17,0.94,0.06,0.009,272264,0.0081,0.013,0.007,0.404,0.5453,0.0374,2.2084,3.2482,1.7939,0.3125,0.8516,-0.3953,0.4707,lr,impute_mice,0.36162989590326244,impute_linear_and_logistic,0.34876516629734106,impute_mean,0.33999331849305664
letter,2001,17,0.94,0.06,0.009,272264,0.0081,0.013,0.007,0.404,0.5453,0.0374,2.2084,3.2482,1.7939,0.3125,0.8516,-0.3953,0.3778,lr,impute_knn,0.451828866735204,impute_mice,0.4364391746669981,impute_linear_and_logistic,0.4276982987877551
letter,2001,17,0.94,0.06,0.009,272264,0.0081,0.013,0.007,0.404,0.5453,0.0374,2.2084,3.2482,1.7939,0.3125,0.8516,-0.3953,0.2831,lr,impute_knn,0.570251001043365,impute_linear_and_logistic,0.4987145802898188,impute_mice,0.49025822179117073
letter,2001,17,0.94,0.06,0.009,272264,0.0081,0.013,0.007,0.404,0.5453,0.0374,2.2084,3.2482,1.7939,0.3125,0.8516,-0.3953,0.1883,lr,impute_knn,0.6632226604157762,impute_mice,0.5913884967925034,impute_linear_and_logistic,0.5814614144175925
letter,2001,17,0.94,0.06,0.009,272264,0.0081,0.013,0.007,0.404,0.5453,0.0374,2.2084,3.2482,1.7939,0.3125,0.8516,-0.3953,0.094,lr,impute_knn,0.7083820245697527,impute_mice,0.6736272704038444,impute_linear_and_logistic,0.6650242733254932
letter,2001,17,0.94,0.06,0.009,272264,0.0081,0.013,0.007,0.404,0.5453,0.0374,2.2084,3.2482,1.7939,0.3125,0.8516,-0.3953,0.4707,knn,impute_mice,0.30706945179866235,impute_linear_and_logistic,0.294653542614942,impute_knn,0.2926558763346938
letter,2001,17,0.94,0.06,0.009,272264,0.0081,0.013,0.007,0.404,0.5453,0.0374,2.2084,3.2482,1.7939,0.3125,0.8516,-0.3953,0.3778,knn,impute_knn,0.4302871600033987,impute_mice,0.40457490316890615,impute_linear_and_logistic,0.3846410302026548
letter,2001,17,0.94,0.06,0.009,272264,0.0081,0.013,0.007,0.404,0.5453,0.0374,2.2084,3.2482,1.7939,0.3125,0.8516,-0.3953,0.2831,knn,impute_knn,0.576160166301938,impute_linear_and_logistic,0.48732176473261124,impute_mice,0.47222405091453035
letter,2001,17,0.94,0.06,0.009,272264,0.0081,0.013,0.007,0.404,0.5453,0.0374,2.2084,3.2482,1.7939,0.3125,0.8516,-0.3953,0.1883,knn,impute_knn,0.663304203500539,impute_mice,0.5923729044116587,impute_linear_and_logistic,0.5782699710207723
letter,2001,17,0.94,0.06,0.009,272264,0.0081,0.013,0.007,0.404,0.5453,0.0374,2.2084,3.2482,1.7939,0.3125,0.8516,-0.3953,0.094,knn,impute_knn,0.7036241064966553,impute_mice,0.6697155137282829,impute_linear_and_logistic,0.6674002021235612
letter,2001,17,0.94,0.06,0.009,272264,0.0081,0.013,0.007,0.404,0.5453,0.0374,2.2084,3.2482,1.7939,0.3125,0.8516,-0.3953,0.4707,nb,impute_knn,0.33312379127061004,impute_linear_and_logistic,0.32297376096811325,impute_mice,0.3212599684901114
letter,2001,17,0.94,0.06,0.009,272264,0.0081,0.013,0.007,0.404,0.5453,0.0374,2.2084,3.2482,1.7939,0.3125,0.8516,-0.3953,0.3778,nb,impute_knn,0.41530933384719854,impute_linear_and_logistic,0.39171919254342485,no_impute,0.38655274990608074
letter,2001,17,0.94,0.06,0.009,272264,0.0081,0.013,0.007,0.404,0.5453,0.0374,2.2084,3.2482,1.7939,0.3125,0.8516,-0.3953,0.2831,nb,impute_knn,0.49846045973124137,impute_linear_and_logistic,0.4500855483585234,no_impute,0.4492490495546957
letter,2001,17,0.94,0.06,0.009,272264,0.0081,0.013,0.007,0.404,0.5453,0.0374,2.2084,3.2482,1.7939,0.3125,0.8516,-0.3953,0.1883,nb,impute_knn,0.5596174503970661,impute_linear_and_logistic,0.5121008643276811,no_impute,0.5113302608386732
letter,2001,17,0.94,0.06,0.009,272264,0.0081,0.013,0.007,0.404,0.5453,0.0374,2.2084,3.2482,1.7939,0.3125,0.8516,-0.3953,0.094,nb,impute_knn,0.5975931251932189,impute_mice,0.5699228438986175,no_impute,0.5671326526613643
car,1728,7,0.0,1.0,0.0,96896,0.0021,0.0023,0.0017,0.9712,6.7984,0.0,1.1844,1.3863,0.8358,nan,nan,nan,0.4298,dt,impute_soft,0.6651900736625197,impute_standard,0.6630090333047579,no_impute,0.6614566290780988
car,1728,7,0.0,1.0,0.0,96896,0.0021,0.0023,0.0017,0.9712,6.7984,0.0,1.1844,1.3863,0.8358,nan,nan,nan,0.3419,dt,no_impute,0.687236237242082,impute_standard,0.6870244848357974,impute_soft,0.6776157241982914
car,1728,7,0.0,1.0,0.0,96896,0.0021,0.0023,0.0017,0.9712,6.7984,0.0,1.1844,1.3863,0.8358,nan,nan,nan,0.258,dt,impute_standard,0.733866502146063,no_impute,0.7329909725283502,impute_soft,0.7247708000570366
car,1728,7,0.0,1.0,0.0,96896,0.0021,0.0023,0.0017,0.9712,6.7984,0.0,1.1844,1.3863,0.8358,nan,nan,nan,0.1717,dt,impute_standard,0.7829237081139548,no_impute,0.7824106244238369,impute_soft,0.7779976105627505
car,1728,7,0.0,1.0,0.0,96896,0.0021,0.0023,0.0017,0.9712,6.7984,0.0,1.1844,1.3863,0.8358,nan,nan,nan,0.0865,dt,impute_soft,0.8674084374596158,impute_mice,0.8632166502737144,impute_standard,0.8599592542452708
car,1728,7,0.0,1.0,0.0,96896,0.0021,0.0023,0.0017,0.9712,6.7984,0.0,1.1844,1.3863,0.8358,nan,nan,nan,0.4298,lr,no_impute,0.689295007466335,impute_standard,0.689295007466335,impute_mean,0.6586974878885221
car,1728,7,0.0,1.0,0.0,96896,0.0021,0.0023,0.0017,0.9712,6.7984,0.0,1.1844,1.3863,0.8358,nan,nan,nan,0.3419,lr,no_impute,0.7181170622152737,impute_standard,0.7181170622152737,impute_mean,0.6951238102861756
car,1728,7,0.0,1.0,0.0,96896,0.0021,0.0023,0.0017,0.9712,6.7984,0.0,1.1844,1.3863,0.8358,nan,nan,nan,0.258,lr,no_impute,0.7532896442070481,impute_standard,0.7532896442070481,impute_mean,0.7133413141516814
car,1728,7,0.0,1.0,0.0,96896,0.0021,0.0023,0.0017,0.9712,6.7984,0.0,1.1844,1.3863,0.8358,nan,nan,nan,0.1717,lr,no_impute,0.7947687213732678,impute_standard,0.7947687213732678,impute_mean,0.7675682966146845
car,1728,7,0.0,1.0,0.0,96896,0.0021,0.0023,0.0017,0.9712,6.7984,0.0,1.1844,1.3863,0.8358,nan,nan,nan,0.0865,lr,no_impute,0.8441989063090501,impute_standard,0.8441989063090501,impute_mean,0.8291052286338575
car,1728,7,0.0,1.0,0.0,96896,0.0021,0.0023,0.0017,0.9712,6.7984,0.0,1.1844,1.3863,0.8358,nan,nan,nan,0.4298,knn,no_impute,0.6557992840202593,impute_standard,0.6557992840202593,impute_soft,0.6507809725563366
car,1728,7,0.0,1.0,0.0,96896,0.0021,0.0023,0.0017,0.9712,6.7984,0.0,1.1844,1.3863,0.8358,nan,nan,nan,0.3419,knn,impute_soft,0.6750304020119698,no_impute,0.6737737738439762,impute_standard,0.6737737738439762
car,1728,7,0.0,1.0,0.0,96896,0.0021,0.0023,0.0017,0.9712,6.7984,0.0,1.1844,1.3863,0.8358,nan,nan,nan,0.258,knn,no_impute,0.7129435120785201,impute_standard,0.7129435120785201,impute_soft,0.7107047705060886
car,1728,7,0.0,1.0,0.0,96896,0.0021,0.0023,0.0017,0.9712,6.7984,0.0,1.1844,1.3863,0.8358,nan,nan,nan,0.1717,knn,impute_knn,0.7513964827858474,impute_mice,0.7507579528991036,no_impute,0.7476726777963696
car,1728,7,0.0,1.0,0.0,96896,0.0021,0.0023,0.0017,0.9712,6.7984,0.0,1.1844,1.3863,0.8358,nan,nan,nan,0.0865,knn,no_impute,0.8154977186675558,impute_standard,0.8154977186675558,impute_mice,0.8132034047231063
car,1728,7,0.0,1.0,0.0,96896,0.0021,0.0023,0.0017,0.9712,6.7984,0.0,1.1844,1.3863,0.8358,nan,nan,nan,0.4298,nb,impute_random,0.6421018715455772,impute_mice,0.6157271566943033,impute_soft,0.6132866819872139
car,1728,7,0.0,1.0,0.0,96896,0.0021,0.0023,0.0017,0.9712,6.7984,0.0,1.1844,1.3863,0.8358,nan,nan,nan,0.3419,nb,impute_random,0.6686246921726364,impute_mice,0.6312332539572723,impute_soft,0.6286212095138817
car,1728,7,0.0,1.0,0.0,96896,0.0021,0.0023,0.0017,0.9712,6.7984,0.0,1.1844,1.3863,0.8358,nan,nan,nan,0.258,nb,impute_random,0.667816015603412,impute_soft,0.6450025271560944,impute_mice,0.6432175530172004
car,1728,7,0.0,1.0,0.0,96896,0.0021,0.0023,0.0017,0.9712,6.7984,0.0,1.1844,1.3863,0.8358,nan,nan,nan,0.1717,nb,no_impute,0.7039680876829869,impute_standard,0.7039680876829869,impute_soft,0.6589822785151974
car,1728,7,0.0,1.0,0.0,96896,0.0021,0.0023,0.0017,0.9712,6.7984,0.0,1.1844,1.3863,0.8358,nan,nan,nan,0.0865,nb,no_impute,0.7549270281876069,impute_standard,0.7549270281876069,impute_mice,0.6847959642311815
users,322,5,0.0,1.0,0.9534,13008,0.0112,0.0124,0.0062,6.8886,14.9068,3.5393,0.9817,1.2812,0.6119,nan,nan,nan,0.3984,dt,impute_mean,0.8464286377688702,impute_std,0.8464286377688702,impute_mode,0.8464286377688702
users,322,5,0.0,1.0,0.9534,13008,0.0112,0.0124,0.0062,6.8886,14.9068,3.5393,0.9817,1.2812,0.6119,nan,nan,nan,0.3286,dt,impute_std,0.8831282552323569,impute_mode,0.8831233119314909,impute_mean,0.8827123279323617
users,322,5,0.0,1.0,0.9534,13008,0.0112,0.0124,0.0062,6.8886,14.9068,3.5393,0.9817,1.2812,0.6119,nan,nan,nan,0.2385,dt,impute_mode,0.9211129326523687,impute_mean,0.9196724854252261,impute_median,0.9193381795959316
users,322,5,0.0,1.0,0.9534,13008,0.0112,0.0124,0.0062,6.8886,14.9068,3.5393,0.9817,1.2812,0.6119,nan,nan,nan,0.162,dt,impute_std,0.9481994323070871,impute_linear_and_logistic,0.9481041330066514,impute_mean,0.9477702629394209
users,322,5,0.0,1.0,0.9534,13008,0.0112,0.0124,0.0062,6.8886,14.9068,3.5393,0.9817,1.2812,0.6119,nan,nan,nan,0.0801,dt,impute_linear_and_logistic,0.9767665268869105,impute_knn,0.9732681415419431,impute_mean,0.9680351558243505
users,322,5,0.0,1.0,0.9534,13008,0.0112,0.0124,0.0062,6.8886,14.9068,3.5393,0.9817,1.2812,0.6119,nan,nan,nan,0.3984,lr,no_impute,0.7848733669994986,impute_standard,0.7848733669994986,impute_mean,0.7817404281155399
users,322,5,0.0,1.0,0.9534,13008,0.0112,0.0124,0.0062,6.8886,14.9068,3.5393,0.9817,1.2812,0.6119,nan,nan,nan,0.3286,lr,impute_mean,0.8136801639194834,impute_std,0.8136801639194834,impute_mode,0.8136801639194834
users,322,5,0.0,1.0,0.9534,13008,0.0112,0.0124,0.0062,6.8886,14.9068,3.5393,0.9817,1.2812,0.6119,nan,nan,nan,0.2385,lr,no_impute,0.8418053629225148,impute_standard,0.8418053629225148,impute_mean,0.8297387164507055
users,322,5,0.0,1.0,0.9534,13008,0.0112,0.0124,0.0062,6.8886,14.9068,3.5393,0.9817,1.2812,0.6119,nan,nan,nan,0.162,lr,no_impute,0.8771981907681098,impute_standard,0.8771981907681098,impute_mean,0.8580681132933126
users,322,5,0.0,1.0,0.9534,13008,0.0112,0.0124,0.0062,6.8886,14.9068,3.5393,0.9817,1.2812,0.6119,nan,nan,nan,0.0801,lr,no_impute,0.9483186230959939,impute_standard,0.9483186230959939,impute_mean,0.934026168917676
users,322,5,0.0,1.0,0.9534,13008,0.0112,0.0124,0.0062,6.8886,14.9068,3.5393,0.9817,1.2812,0.6119,nan,nan,nan,0.3984,knn,impute_knn,0.8189257919972018,impute_mice,0.8170907427303354,impute_mean,0.796984573143947
users,322,5,0.0,1.0,0.9534,13008,0.0112,0.0124,0.0062,6.8886,14.9068,3.5393,0.9817,1.2812,0.6119,nan,nan,nan,0.3286,knn,impute_mice,0.8742507825178183,impute_knn,0.8738513003689364,impute_mean,0.8631440652099756
users,322,5,0.0,1.0,0.9534,13008,0.0112,0.0124,0.0062,6.8886,14.9068,3.5393,0.9817,1.2812,0.6119,nan,nan,nan,0.2385,knn,impute_mice,0.9050977448848304,impute_knn,0.8985670864955843,impute_mean,0.8932994005867853
users,322,5,0.0,1.0,0.9534,13008,0.0112,0.0124,0.0062,6.8886,14.9068,3.5393,0.9817,1.2812,0.6119,nan,nan,nan,0.162,knn,impute_mice,0.9481231337409795,impute_knn,0.9337997566050518,impute_linear_and_logistic,0.925863745550437
users,322,5,0.0,1.0,0.9534,13008,0.0112,0.0124,0.0062,6.8886,14.9068,3.5393,0.9817,1.2812,0.6119,nan,nan,nan,0.0801,knn,impute_knn,0.9801590202846876,impute_mice,0.9759299048216782,no_impute,0.9742712445601679
users,322,5,0.0,1.0,0.9534,13008,0.0112,0.0124,0.0062,6.8886,14.9068,3.5393,0.9817,1.2812,0.6119,nan,nan,nan,0.3984,nb,impute_mice,0.7406156007772798,impute_knn,0.7268427159173747,impute_linear_and_logistic,0.7185823442707397
users,322,5,0.0,1.0,0.9534,13008,0.0112,0.0124,0.0062,6.8886,14.9068,3.5393,0.9817,1.2812,0.6119,nan,nan,nan,0.3286,nb,impute_mice,0.7522476608422264,impute_knn,0.7322565686599772,impute_linear_and_logistic,0.7172658210915094
users,322,5,0.0,1.0,0.9534,13008,0.0112,0.0124,0.0062,6.8886,14.9068,3.5393,0.9817,1.2812,0.6119,nan,nan,nan,0.2385,nb,impute_mice,0.7567897435534527,impute_knn,0.7342678175080298,impute_linear_and_logistic,0.7312276942713974
users,322,5,0.0,1.0,0.9534,13008,0.0112,0.0124,0.0062,6.8886,14.9068,3.5393,0.9817,1.2812,0.6119,nan,nan,nan,0.162,nb,impute_mice,0.7618823651371809,impute_linear_and_logistic,0.7485545800655843,impute_knn,0.7458710039935388
users,322,5,0.0,1.0,0.9534,13008,0.0112,0.0124,0.0062,6.8886,14.9068,3.5393,0.9817,1.2812,0.6119,nan,nan,nan,0.0801,nb,impute_mice,0.769035116418127,impute_knn,0.7603848246111042,impute_soft,0.7573659515481169
bank,3074,17,0.41,0.59,0.0,418192,0.0581,0.5917,0.0007,7.741,36.4021,0.0,1.9746,6.9959,0.0764,0.0,0.6061,-0.0901,0.4712,dt,impute_std,0.818925486808957,no_impute,0.8188516718789609,impute_median,0.8187595837744255
bank,3074,17,0.41,0.59,0.0,418192,0.0581,0.5917,0.0007,7.741,36.4021,0.0,1.9746,6.9959,0.0764,0.0,0.6061,-0.0901,0.3776,dt,impute_median,0.8295806580994439,impute_mode,0.8252245266584032,no_impute,0.8248624464150556
bank,3074,17,0.41,0.59,0.0,418192,0.0581,0.5917,0.0007,7.741,36.4021,0.0,1.9746,6.9959,0.0764,0.0,0.6061,-0.0901,0.282,dt,no_impute,0.8382239406360438,impute_mode,0.8365574136125316,impute_median,0.8355553477903989
bank,3074,17,0.41,0.59,0.0,418192,0.0581,0.5917,0.0007,7.741,36.4021,0.0,1.9746,6.9959,0.0764,0.0,0.6061,-0.0901,0.1886,dt,impute_median,0.8442000387358197,impute_mode,0.8418126653162187,impute_mean,0.8400949629894114
bank,3074,17,0.41,0.59,0.0,418192,0.0581,0.5917,0.0007,7.741,36.4021,0.0,1.9746,6.9959,0.0764,0.0,0.6061,-0.0901,0.0946,dt,impute_mean,0.8533299746207196,impute_std,0.8513982803674076,impute_median,0.8500173746205419
bank,3074,17,0.41,0.59,0.0,418192,0.0581,0.5917,0.0007,7.741,36.4021,0.0,1.9746,6.9959,0.0764,0.0,0.6061,-0.0901,0.4712,lr,no_impute,0.846972668443063,impute_mean,0.846089908892821,impute_std,0.8460540454228336
bank,3074,17,0.41,0.59,0.0,418192,0.0581,0.5917,0.0007,7.741,36.4021,0.0,1.9746,6.9959,0.0764,0.0,0.6061,-0.0901,0.3776,lr,impute_std,0.8509618559921991,impute_mean,0.8503563866121824,no_impute,0.8498720596502948
bank,3074,17,0.41,0.59,0.0,418192,0.0581,0.5917,0.0007,7.741,36.4021,0.0,1.9746,6.9959,0.0764,0.0,0.6061,-0.0901,0.282,lr,no_impute,0.8622434762239235,impute_mean,0.8620667937032325,impute_std,0.8610431564266242
bank,3074,17,0.41,0.59,0.0,418192,0.0581,0.5917,0.0007,7.741,36.4021,0.0,1.9746,6.9959,0.0764,0.0,0.6061,-0.0901,0.1886,lr,no_impute,0.8673192039844989,impute_median,0.8665673052205785,impute_mean,0.8664322776099782
bank,3074,17,0.41,0.59,0.0,418192,0.0581,0.5917,0.0007,7.741,36.4021,0.0,1.9746,6.9959,0.0764,0.0,0.6061,-0.0901,0.0946,lr,no_impute,0.8729195321027262,impute_std,0.8722535467400987,impute_mean,0.8721834158569473
bank,3074,17,0.41,0.59,0.0,418192,0.0581,0.5917,0.0007,7.741,36.4021,0.0,1.9746,6.9959,0.0764,0.0,0.6061,-0.0901,0.4712,knn,impute_soft,0.8288191002049312,impute_mean,0.8278734252685572,impute_median,0.8267926489311166
bank,3074,17,0.41,0.59,0.0,418192,0.0581,0.5917,0.0007,7.741,36.4021,0.0,1.9746,6.9959,0.0764,0.0,0.6061,-0.0901,0.3776,knn,impute_mice,0.8327301785001541,impute_std,0.8322082864297795,impute_median,0.8321167049068918
bank,3074,17,0.41,0.59,0.0,418192,0.0581,0.5917,0.0007,7.741,36.4021,0.0,1.9746,6.9959,0.0764,0.0,0.6061,-0.0901,0.282,knn,impute_mice,0.8397569096534151,impute_knn,0.8388499238783815,impute_median,0.8379580947902279
bank,3074,17,0.41,0.59,0.0,418192,0.0581,0.5917,0.0007,7.741,36.4021,0.0,1.9746,6.9959,0.0764,0.0,0.6061,-0.0901,0.1886,knn,impute_median,0.8440476967669033,impute_mice,0.8425927300698692,impute_mean,0.8418917042140958
bank,3074,17,0.41,0.59,0.0,418192,0.0581,0.5917,0.0007,7.741,36.4021,0.0,1.9746,6.9959,0.0764,0.0,0.6061,-0.0901,0.0946,knn,impute_std,0.850646385632505,impute_mean,0.8493885980814345,impute_median,0.8483200760428985
bank,3074,17,0.41,0.59,0.0,418192,0.0581,0.5917,0.0007,7.741,36.4021,0.0,1.9746,6.9959,0.0764,0.0,0.6061,-0.0901,0.4712,nb,impute_soft,0.8267354618681781,impute_knn,0.8255795489607252,impute_linear_and_logistic,0.8242465191485351
bank,3074,17,0.41,0.59,0.0,418192,0.0581,0.5917,0.0007,7.741,36.4021,0.0,1.9746,6.9959,0.0764,0.0,0.6061,-0.0901,0.3776,nb,impute_knn,0.8255161505057342,impute_mice,0.8187680303585705,impute_soft,0.809754198228875
bank,3074,17,0.41,0.59,0.0,418192,0.0581,0.5917,0.0007,7.741,36.4021,0.0,1.9746,6.9959,0.0764,0.0,0.6061,-0.0901,0.282,nb,impute_soft,0.8303861438589223,impute_knn,0.8251587711385621,impute_linear_and_logistic,0.825131885208613
bank,3074,17,0.41,0.59,0.0,418192,0.0581,0.5917,0.0007,7.741,36.4021,0.0,1.9746,6.9959,0.0764,0.0,0.6061,-0.0901,0.1886,nb,no_impute,0.8483545522769577,impute_standard,0.8474510403538328,impute_std,0.8432341486548327
bank,3074,17,0.41,0.59,0.0,418192,0.0581,0.5917,0.0007,7.741,36.4021,0.0,1.9746,6.9959,0.0764,0.0,0.6061,-0.0901,0.0946,nb,impute_standard,0.8522809441119994,no_impute,0.8519411409997272,impute_std,0.8480109526891384
german,1000,10,0.4,0.6,0.0,80128,0.1033,0.921,0.002,6.2992,15.0,0.0,1.9213,6.7956,0.6109,0.0,0.625,-0.0361,0.4516,dt,impute_linear_and_logistic,0.6131029088938262,impute_soft,0.6064897310310449,impute_mice,0.6041776530310218
german,1000,10,0.4,0.6,0.0,80128,0.1033,0.921,0.002,6.2992,15.0,0.0,1.9213,6.7956,0.6109,0.0,0.625,-0.0361,0.3583,dt,impute_mode,0.6121137944932303,impute_knn,0.6110178823209617,impute_std,0.6061698633790347
german,1000,10,0.4,0.6,0.0,80128,0.1033,0.921,0.002,6.2992,15.0,0.0,1.9213,6.7956,0.6109,0.0,0.625,-0.0361,0.2712,dt,impute_median,0.6138636825683649,impute_mice,0.6131791257625898,impute_mean,0.6122061769661654
german,1000,10,0.4,0.6,0.0,80128,0.1033,0.921,0.002,6.2992,15.0,0.0,1.9213,6.7956,0.6109,0.0,0.625,-0.0361,0.1809,dt,impute_linear_and_logistic,0.6249411932824815,impute_mean,0.6246143031071175,impute_std,0.6245023181663667
german,1000,10,0.4,0.6,0.0,80128,0.1033,0.921,0.002,6.2992,15.0,0.0,1.9213,6.7956,0.6109,0.0,0.625,-0.0361,0.0908,dt,impute_median,0.6285229061492504,impute_mice,0.624356940248183,impute_linear_and_logistic,0.6237225658828544
german,1000,10,0.4,0.6,0.0,80128,0.1033,0.921,0.002,6.2992,15.0,0.0,1.9213,6.7956,0.6109,0.0,0.625,-0.0361,0.4516,lr,impute_std,0.6328842486926028,no_impute,0.6281400261158201,impute_standard,0.6268917285304858
german,1000,10,0.4,0.6,0.0,80128,0.1033,0.921,0.002,6.2992,15.0,0.0,1.9213,6.7956,0.6109,0.0,0.625,-0.0361,0.3583,lr,no_impute,0.6384721112023524,impute_median,0.6379267048836864,impute_mode,0.6360128795851251
german,1000,10,0.4,0.6,0.0,80128,0.1033,0.921,0.002,6.2992,15.0,0.0,1.9213,6.7956,0.6109,0.0,0.625,-0.0361,0.2712,lr,no_impute,0.6467478034984474,impute_std,0.6451941099386642,impute_median,0.6419122915808196
german,1000,10,0.4,0.6,0.0,80128,0.1033,0.921,0.002,6.2992,15.0,0.0,1.9213,6.7956,0.6109,0.0,0.625,-0.0361,0.1809,lr,no_impute,0.652648583625582,impute_standard,0.6505051499975764,impute_std,0.6497634718477403
german,1000,10,0.4,0.6,0.0,80128,0.1033,0.921,0.002,6.2992,15.0,0.0,1.9213,6.7956,0.6109,0.0,0.625,-0.0361,0.0908,lr,no_impute,0.6507261788865231,impute_standard,0.6493708041405243,impute_mode,0.6492999407220459
german,1000,10,0.4,0.6,0.0,80128,0.1033,0.921,0.002,6.2992,15.0,0.0,1.9213,6.7956,0.6109,0.0,0.625,-0.0361,0.4516,knn,impute_knn,0.6338427063573422,impute_mice,0.6306450641492,no_impute,0.6275302794656903
german,1000,10,0.4,0.6,0.0,80128,0.1033,0.921,0.002,6.2992,15.0,0.0,1.9213,6.7956,0.6109,0.0,0.625,-0.0361,0.3583,knn,impute_mode,0.6423441607961538,impute_linear_and_logistic,0.635659167252518,impute_soft,0.6321583558425458
german,1000,10,0.4,0.6,0.0,80128,0.1033,0.921,0.002,6.2992,15.0,0.0,1.9213,6.7956,0.6109,0.0,0.625,-0.0361,0.2712,knn,impute_mean,0.6444886558861903,impute_std,0.6411288671563876,no_impute,0.6370874417736097
german,1000,10,0.4,0.6,0.0,80128,0.1033,0.921,0.002,6.2992,15.0,0.0,1.9213,6.7956,0.6109,0.0,0.625,-0.0361,0.1809,knn,impute_mice,0.6462934964027798,no_impute,0.6456479579641796,impute_median,0.6455636925135647
german,1000,10,0.4,0.6,0.0,80128,0.1033,0.921,0.002,6.2992,15.0,0.0,1.9213,6.7956,0.6109,0.0,0.625,-0.0361,0.0908,knn,no_impute,0.6584011961120791,impute_median,0.6534070659379584,impute_mice,0.651772518532225
german,1000,10,0.4,0.6,0.0,80128,0.1033,0.921,0.002,6.2992,15.0,0.0,1.9213,6.7956,0.6109,0.0,0.625,-0.0361,0.4516,nb,impute_knn,0.6609721966478392,impute_linear_and_logistic,0.6601150345813696,impute_soft,0.6548858554421269
german,1000,10,0.4,0.6,0.0,80128,0.1033,0.921,0.002,6.2992,15.0,0.0,1.9213,6.7956,0.6109,0.0,0.625,-0.0361,0.3583,nb,impute_soft,0.6634527992720456,impute_linear_and_logistic,0.66247226045312,impute_knn,0.6605835604897392
german,1000,10,0.4,0.6,0.0,80128,0.1033,0.921,0.002,6.2992,15.0,0.0,1.9213,6.7956,0.6109,0.0,0.625,-0.0361,0.2712,nb,impute_mice,0.6724563771163932,impute_linear_and_logistic,0.6706847414582312,impute_knn,0.669114011200832
german,1000,10,0.4,0.6,0.0,80128,0.1033,0.921,0.002,6.2992,15.0,0.0,1.9213,6.7956,0.6109,0.0,0.625,-0.0361,0.1809,nb,impute_soft,0.6736836233731414,impute_knn,0.6723499108902784,impute_mice,0.6721900286600491
german,1000,10,0.4,0.6,0.0,80128,0.1033,0.921,0.002,6.2992,15.0,0.0,1.9213,6.7956,0.6109,0.0,0.625,-0.0361,0.0908,nb,impute_mice,0.6783577273311998,impute_soft,0.6776897559356596,impute_linear_and_logistic,0.6774614912978044
adult,3017,15,0.4,0.6,0.0,362168,0.0711,0.9486,0.0007,3.0447,18.6816,0.0,1.8318,7.9385,0.3115,0.0,0.1536,-0.0778,0.4672,dt,impute_median,0.7412260790637107,impute_mean,0.7394159873470173,impute_mode,0.73790886073455
adult,3017,15,0.4,0.6,0.0,362168,0.0711,0.9486,0.0007,3.0447,18.6816,0.0,1.8318,7.9385,0.3115,0.0,0.1536,-0.0778,0.3744,dt,impute_median,0.7516309091517682,impute_mode,0.7511170343003439,impute_mean,0.7503999302829899
adult,3017,15,0.4,0.6,0.0,362168,0.0711,0.9486,0.0007,3.0447,18.6816,0.0,1.8318,7.9385,0.3115,0.0,0.1536,-0.0778,0.2796,dt,impute_median,0.7682927727759412,impute_mean,0.7653026442830853,impute_mode,0.7643509667835493
adult,3017,15,0.4,0.6,0.0,362168,0.0711,0.9486,0.0007,3.0447,18.6816,0.0,1.8318,7.9385,0.3115,0.0,0.1536,-0.0778,0.1869,dt,impute_median,0.7774996940882134,impute_mode,0.7739633444300099,impute_mean,0.773848638920389
adult,3017,15,0.4,0.6,0.0,362168,0.0711,0.9486,0.0007,3.0447,18.6816,0.0,1.8318,7.9385,0.3115,0.0,0.1536,-0.0778,0.0935,dt,impute_mean,0.7880093454195188,impute_median,0.7867687803055828,impute_mode,0.7851348514922163
adult,3017,15,0.4,0.6,0.0,362168,0.0711,0.9486,0.0007,3.0447,18.6816,0.0,1.8318,7.9385,0.3115,0.0,0.1536,-0.0778,0.4672,lr,no_impute,0.7923779924735976,impute_mean,0.7880407695088631,impute_median,0.7844376103987303
adult,3017,15,0.4,0.6,0.0,362168,0.0711,0.9486,0.0007,3.0447,18.6816,0.0,1.8318,7.9385,0.3115,0.0,0.1536,-0.0778,0.3744,lr,no_impute,0.8039835848654949,impute_mean,0.7956252922715376,impute_mode,0.795335902095352
adult,3017,15,0.4,0.6,0.0,362168,0.0711,0.9486,0.0007,3.0447,18.6816,0.0,1.8318,7.9385,0.3115,0.0,0.1536,-0.0778,0.2796,lr,no_impute,0.8174900141495025,impute_mean,0.8149099701869067,impute_median,0.8123806679985806
adult,3017,15,0.4,0.6,0.0,362168,0.0711,0.9486,0.0007,3.0447,18.6816,0.0,1.8318,7.9385,0.3115,0.0,0.1536,-0.0778,0.1869,lr,no_impute,0.823355552321037,impute_median,0.8214860107464218,impute_mean,0.8211038188514905
adult,3017,15,0.4,0.6,0.0,362168,0.0711,0.9486,0.0007,3.0447,18.6816,0.0,1.8318,7.9385,0.3115,0.0,0.1536,-0.0778,0.0935,lr,no_impute,0.8282257719414594,impute_median,0.8281200710423696,impute_mean,0.8277692104996263
adult,3017,15,0.4,0.6,0.0,362168,0.0711,0.9486,0.0007,3.0447,18.6816,0.0,1.8318,7.9385,0.3115,0.0,0.1536,-0.0778,0.4672,knn,impute_mean,0.755196874948682,impute_median,0.7507989114468607,impute_linear_and_logistic,0.7500550532187953
adult,3017,15,0.4,0.6,0.0,362168,0.0711,0.9486,0.0007,3.0447,18.6816,0.0,1.8318,7.9385,0.3115,0.0,0.1536,-0.0778,0.3744,knn,impute_mice,0.7689129849031215,impute_mode,0.7672952286535079,impute_mean,0.7668184838556865
adult,3017,15,0.4,0.6,0.0,362168,0.0711,0.9486,0.0007,3.0447,18.6816,0.0,1.8318,7.9385,0.3115,0.0,0.1536,-0.0778,0.2796,knn,impute_mean,0.7830487780178177,impute_mode,0.7805300484012399,impute_median,0.778880456187966
adult,3017,15,0.4,0.6,0.0,362168,0.0711,0.9486,0.0007,3.0447,18.6816,0.0,1.8318,7.9385,0.3115,0.0,0.1536,-0.0778,0.1869,knn,impute_median,0.7959254418616433,impute_mean,0.7951732638558247,no_impute,0.794865115823714
adult,3017,15,0.4,0.6,0.0,362168,0.0711,0.9486,0.0007,3.0447,18.6816,0.0,1.8318,7.9385,0.3115,0.0,0.1536,-0.0778,0.0935,knn,impute_mean,0.7999644308244203,impute_mode,0.7991257980299984,no_impute,0.7985183831909396
adult,3017,15,0.4,0.6,0.0,362168,0.0711,0.9486,0.0007,3.0447,18.6816,0.0,1.8318,7.9385,0.3115,0.0,0.1536,-0.0778,0.4672,nb,impute_knn,0.7386845172776408,impute_linear_and_logistic,0.7365728167007721,impute_mice,0.7346854621445981
adult,3017,15,0.4,0.6,0.0,362168,0.0711,0.9486,0.0007,3.0447,18.6816,0.0,1.8318,7.9385,0.3115,0.0,0.1536,-0.0778,0.3744,nb,impute_linear_and_logistic,0.7542262943574249,impute_knn,0.7539615798100681,impute_mice,0.7422358955943906
adult,3017,15,0.4,0.6,0.0,362168,0.0711,0.9486,0.0007,3.0447,18.6816,0.0,1.8318,7.9385,0.3115,0.0,0.1536,-0.0778,0.2796,nb,impute_linear_and_logistic,0.7618730614595923,impute_knn,0.7607468762764664,impute_mice,0.7516953344328539
adult,3017,15,0.4,0.6,0.0,362168,0.0711,0.9486,0.0007,3.0447,18.6816,0.0,1.8318,7.9385,0.3115,0.0,0.1536,-0.0778,0.1869,nb,impute_knn,0.7728513110727063,impute_linear_and_logistic,0.7720396150540993,impute_mice,0.7606247536263293
adult,3017,15,0.4,0.6,0.0,362168,0.0711,0.9486,0.0007,3.0447,18.6816,0.0,1.8318,7.9385,0.3115,0.0,0.1536,-0.0778,0.0935,nb,impute_knn,0.7772849453410262,impute_linear_and_logistic,0.7721182856221085,impute_mice,0.7640356978386268
soybean,249,36,0.0,1.0,0.012,71840,0.0125,0.0602,0.008,16.1119,36.8976,0.2139,0.7101,2.551,0.0467,nan,nan,nan,0.4882,dt,impute_mice,0.46389491212744083,impute_soft,0.4465680835749973,impute_knn,0.41989029480533807
soybean,249,36,0.0,1.0,0.012,71840,0.0125,0.0602,0.008,16.1119,36.8976,0.2139,0.7101,2.551,0.0467,nan,nan,nan,0.3874,dt,impute_knn,0.5676668841459331,impute_mice,0.5666279102198907,impute_soft,0.5175377509014212
soybean,249,36,0.0,1.0,0.012,71840,0.0125,0.0602,0.008,16.1119,36.8976,0.2139,0.7101,2.551,0.0467,nan,nan,nan,0.2924,dt,impute_knn,0.6528172923268336,impute_mice,0.6398809290107351,impute_soft,0.6052172669689942
soybean,249,36,0.0,1.0,0.012,71840,0.0125,0.0602,0.008,16.1119,36.8976,0.2139,0.7101,2.551,0.0467,nan,nan,nan,0.1957,dt,impute_knn,0.7151603948499743,impute_linear_and_logistic,0.6916687965259315,impute_mice,0.6866109308574447
soybean,249,36,0.0,1.0,0.012,71840,0.0125,0.0602,0.008,16.1119,36.8976,0.2139,0.7101,2.551,0.0467,nan,nan,nan,0.0979,dt,impute_linear_and_logistic,0.7699539877025982,impute_knn,0.7685998346869478,impute_mice,0.7659937500495091
soybean,249,36,0.0,1.0,0.012,71840,0.0125,0.0602,0.008,16.1119,36.8976,0.2139,0.7101,2.551,0.0467,nan,nan,nan,0.4882,lr,impute_knn,0.6107374370599319,impute_mice,0.6099540082750491,impute_soft,0.5998625588153998
soybean,249,36,0.0,1.0,0.012,71840,0.0125,0.0602,0.008,16.1119,36.8976,0.2139,0.7101,2.551,0.0467,nan,nan,nan,0.3874,lr,impute_mice,0.7287493658578609,impute_knn,0.7179614931125204,impute_soft,0.7054678800447365
soybean,249,36,0.0,1.0,0.012,71840,0.0125,0.0602,0.008,16.1119,36.8976,0.2139,0.7101,2.551,0.0467,nan,nan,nan,0.2924,lr,impute_knn,0.7645766415699938,impute_soft,0.7480660844662568,impute_mice,0.7460926325282822
soybean,249,36,0.0,1.0,0.012,71840,0.0125,0.0602,0.008,16.1119,36.8976,0.2139,0.7101,2.551,0.0467,nan,nan,nan,0.1957,lr,impute_knn,0.8250880190146236,impute_mice,0.8095663603230105,impute_mean,0.807338987709132
soybean,249,36,0.0,1.0,0.012,71840,0.0125,0.0602,0.008,16.1119,36.8976,0.2139,0.7101,2.551,0.0467,nan,nan,nan,0.0979,lr,impute_random,0.8590345008205053,impute_mean,0.8589822142855797,impute_std,0.8589822142855797
soybean,249,36,0.0,1.0,0.012,71840,0.0125,0.0602,0.008,16.1119,36.8976,0.2139,0.7101,2.551,0.0467,nan,nan,nan,0.4882,knn,impute_mice,0.5280916014299295,impute_knn,0.5243985502172488,impute_soft,0.49501578762311965
soybean,249,36,0.0,1.0,0.012,71840,0.0125,0.0602,0.008,16.1119,36.8976,0.2139,0.7101,2.551,0.0467,nan,nan,nan,0.3874,knn,impute_mice,0.6537143827693601,impute_knn,0.6416237378511301,impute_soft,0.6380946881403189
soybean,249,36,0.0,1.0,0.012,71840,0.0125,0.0602,0.008,16.1119,36.8976,0.2139,0.7101,2.551,0.0467,nan,nan,nan,0.2924,knn,impute_mice,0.7001084724741076,impute_knn,0.6931833467611745,impute_soft,0.6909864296787906
soybean,249,36,0.0,1.0,0.012,71840,0.0125,0.0602,0.008,16.1119,36.8976,0.2139,0.7101,2.551,0.0467,nan,nan,nan,0.1957,knn,impute_mice,0.7392396644102375,impute_knn,0.7366586636465803,impute_soft,0.732109738078909
soybean,249,36,0.0,1.0,0.012,71840,0.0125,0.0602,0.008,16.1119,36.8976,0.2139,0.7101,2.551,0.0467,nan,nan,nan,0.0979,knn,impute_knn,0.7724295875585337,impute_mice,0.7708296382302252,impute_soft,0.766590810823841
soybean,249,36,0.0,1.0,0.012,71840,0.0125,0.0602,0.008,16.1119,36.8976,0.2139,0.7101,2.551,0.0467,nan,nan,nan,0.4882,nb,no_impute,0.59305320503557,impute_standard,0.59305320503557,impute_mean,0.5477190081921371
soybean,249,36,0.0,1.0,0.012,71840,0.0125,0.0602,0.008,16.1119,36.8976,0.2139,0.7101,2.551,0.0467,nan,nan,nan,0.3874,nb,no_impute,0.6278721144950055,impute_standard,0.6278721144950055,impute_mean,0.6059706327770236
soybean,249,36,0.0,1.0,0.012,71840,0.0125,0.0602,0.008,16.1119,36.8976,0.2139,0.7101,2.551,0.0467,nan,nan,nan,0.2924,nb,impute_mean,0.6597808756796624,impute_std,0.6597808756796624,impute_mode,0.6597808756796624
soybean,249,36,0.0,1.0,0.012,71840,0.0125,0.0602,0.008,16.1119,36.8976,0.2139,0.7101,2.551,0.0467,nan,nan,nan,0.1957,nb,impute_mean,0.7387426277063835,impute_std,0.7387426277063835,impute_mode,0.7387426277063835
soybean,249,36,0.0,1.0,0.012,71840,0.0125,0.0602,0.008,16.1119,36.8976,0.2139,0.7101,2.551,0.0467,nan,nan,nan,0.0979,nb,impute_mean,0.8177924728701329,impute_std,0.8177924728701329,impute_mode,0.8177924728701329
mushrooms,4021,23,0.0,1.0,0.0,711845,0.0013,0.003,0.0002,6.6123,35.7281,0.0,0.9857,2.0917,-0.0,nan,nan,nan,0.4792,dt,impute_standard,0.938876882850465,no_impute,0.9384976167490632,impute_std,0.9323143949591259
mushrooms,4021,23,0.0,1.0,0.0,711845,0.0013,0.003,0.0002,6.6123,35.7281,0.0,0.9857,2.0917,-0.0,nan,nan,nan,0.3815,dt,no_impute,0.9640620670666336,impute_standard,0.9627180008647538,impute_mean,0.958792624446888
mushrooms,4021,23,0.0,1.0,0.0,711845,0.0013,0.003,0.0002,6.6123,35.7281,0.0,0.9857,2.0917,-0.0,nan,nan,nan,0.2878,dt,impute_knn,0.9848818987229806,impute_standard,0.9756667723387091,no_impute,0.9752181881428796
mushrooms,4021,23,0.0,1.0,0.0,711845,0.0013,0.003,0.0002,6.6123,35.7281,0.0,0.9857,2.0917,-0.0,nan,nan,nan,0.1914,dt,impute_knn,0.9953743806108546,no_impute,0.9853289632542281,impute_std,0.9851221048322297
mushrooms,4021,23,0.0,1.0,0.0,711845,0.0013,0.003,0.0002,6.6123,35.7281,0.0,0.9857,2.0917,-0.0,nan,nan,nan,0.0958,dt,impute_knn,0.9981359238648161,impute_standard,0.9925433271948008,impute_mean,0.9921290577001621
mushrooms,4021,23,0.0,1.0,0.0,711845,0.0013,0.003,0.0002,6.6123,35.7281,0.0,0.9857,2.0917,-0.0,nan,nan,nan,0.4792,lr,no_impute,0.9484681712915679,impute_standard,0.9484681712915679,impute_mean,0.9350225397911779
mushrooms,4021,23,0.0,1.0,0.0,711845,0.0013,0.003,0.0002,6.6123,35.7281,0.0,0.9857,2.0917,-0.0,nan,nan,nan,0.3815,lr,no_impute,0.9640541948284433,impute_standard,0.9640541948284433,impute_mean,0.9539221526624166
mushrooms,4021,23,0.0,1.0,0.0,711845,0.0013,0.003,0.0002,6.6123,35.7281,0.0,0.9857,2.0917,-0.0,nan,nan,nan,0.2878,lr,no_impute,0.9741371273590435,impute_standard,0.9741371273590435,impute_mean,0.9664301482423655
mushrooms,4021,23,0.0,1.0,0.0,711845,0.0013,0.003,0.0002,6.6123,35.7281,0.0,0.9857,2.0917,-0.0,nan,nan,nan,0.1914,lr,no_impute,0.9850166825458384,impute_standard,0.9850166825458384,impute_mean,0.979005890401134
mushrooms,4021,23,0.0,1.0,0.0,711845,0.0013,0.003,0.0002,6.6123,35.7281,0.0,0.9857,2.0917,-0.0,nan,nan,nan,0.0958,lr,no_impute,0.9925780499219714,impute_standard,0.9925780499219714,impute_mean,0.9878811255066711
mushrooms,4021,23,0.0,1.0,0.0,711845,0.0013,0.003,0.0002,6.6123,35.7281,0.0,0.9857,2.0917,-0.0,nan,nan,nan,0.4792,knn,impute_knn,0.9467723993208537,impute_mice,0.9315596844407288,impute_mean,0.9177837191932363
mushrooms,4021,23,0.0,1.0,0.0,711845,0.0013,0.003,0.0002,6.6123,35.7281,0.0,0.9857,2.0917,-0.0,nan,nan,nan,0.3815,knn,impute_knn,0.9804624501475789,impute_mice,0.9616838164536801,impute_mean,0.9539817580715465
mushrooms,4021,23,0.0,1.0,0.0,711845,0.0013,0.003,0.0002,6.6123,35.7281,0.0,0.9857,2.0917,-0.0,nan,nan,nan,0.2878,knn,impute_knn,0.9940273613701194,no_impute,0.978625817012078,impute_standard,0.978625817012078
mushrooms,4021,23,0.0,1.0,0.0,711845,0.0013,0.003,0.0002,6.6123,35.7281,0.0,0.9857,2.0917,-0.0,nan,nan,nan,0.1914,knn,impute_knn,0.9973762111960797,no_impute,0.9930953736178229,impute_standard,0.9930953736178229
mushrooms,4021,23,0.0,1.0,0.0,711845,0.0013,0.003,0.0002,6.6123,35.7281,0.0,0.9857,2.0917,-0.0,nan,nan,nan,0.0958,knn,no_impute,0.9994821824994821,impute_standard,0.9994821824994821,impute_knn,0.9986536012764484
mushrooms,4021,23,0.0,1.0,0.0,711845,0.0013,0.003,0.0002,6.6123,35.7281,0.0,0.9857,2.0917,-0.0,nan,nan,nan,0.4792,nb,no_impute,0.8740486258106703,impute_standard,0.8740486258106703,impute_soft,0.8635471743052835
mushrooms,4021,23,0.0,1.0,0.0,711845,0.0013,0.003,0.0002,6.6123,35.7281,0.0,0.9857,2.0917,-0.0,nan,nan,nan,0.3815,nb,no_impute,0.9099169678709291,impute_standard,0.9099169678709291,impute_knn,0.8847221821165698
mushrooms,4021,23,0.0,1.0,0.0,711845,0.0013,0.003,0.0002,6.6123,35.7281,0.0,0.9857,2.0917,-0.0,nan,nan,nan,0.2878,nb,no_impute,0.9205625289924674,impute_standard,0.9205625289924674,impute_soft,0.8912535577033932
mushrooms,4021,23,0.0,1.0,0.0,711845,0.0013,0.003,0.0002,6.6123,35.7281,0.0,0.9857,2.0917,-0.0,nan,nan,nan,0.1914,nb,no_impute,0.9429777944964477,impute_standard,0.9429777944964477,impute_soft,0.8983795851343854
mushrooms,4021,23,0.0,1.0,0.0,711845,0.0013,0.003,0.0002,6.6123,35.7281,0.0,0.9857,2.0917,-0.0,nan,nan,nan,0.0958,nb,no_impute,0.9589120860758684,impute_standard,0.9589120860758684,impute_random,0.952858928288833
