iris,dt,[{'no_impute': 0.7876394148947367, 'impute_standard': 0.8008804187972666, 'impute_mean': 0.7851953387081063, 'impute_std': 0.7902844066811805, 'impute_mode': 0.7812772671325451, 'impute_median': 0.7904901215875093, 'impute_knn': 0.7600456187338309, 'impute_mice': 0.7890286061557732, 'impute_soft': 0.774779579493046, 'impute_random': 0.5731498166958626, 'impute_linear_and_logistic': 0.7310790904214106}, {'no_impute': 0.8297938460171901, 'impute_standard': 0.8401705012673657, 'impute_mean': 0.8250536072745546, 'impute_std': 0.8359872002943157, 'impute_mode': 0.8138318959156324, 'impute_median': 0.8335527384173357, 'impute_knn': 0.7991223145156663, 'impute_mice': 0.8394595466121102, 'impute_soft': 0.8271765990044546, 'impute_random': 0.6345706305271931, 'impute_linear_and_logistic': 0.7885482442178939}, {'no_impute': 0.8441833205898409, 'impute_standard': 0.8631665933264565, 'impute_mean': 0.853958135083075, 'impute_std': 0.8666561582453752, 'impute_mode': 0.8643104929514686, 'impute_median': 0.8519123130066181, 'impute_knn': 0.8596297955875872, 'impute_mice': 0.8804238232409126, 'impute_soft': 0.8796400362892237, 'impute_random': 0.7748242046661532, 'impute_linear_and_logistic': 0.869799248559293}, {'no_impute': 0.8983900228452553, 'impute_standard': 0.889824714412976, 'impute_mean': 0.8871359433578884, 'impute_std': 0.9017919298214816, 'impute_mode': 0.8836168578049607, 'impute_median': 0.8907996576021563, 'impute_knn': 0.898467234076209, 'impute_mice': 0.9138252715840081, 'impute_soft': 0.9148280974739829, 'impute_random': 0.8166731203049709, 'impute_linear_and_logistic': 0.9091215787079744}, {'no_impute': 0.9415912251646714, 'impute_standard': 0.9271977746746453, 'impute_mean': 0.9314806924833713, 'impute_std': 0.9273144869694092, 'impute_mode': 0.9317160826430967, 'impute_median': 0.9389301568925092, 'impute_knn': 0.9449913551184995, 'impute_mice': 0.9405916395907552, 'impute_soft': 0.9451707353002163, 'impute_random': 0.8877846534163862, 'impute_linear_and_logistic': 0.9383784000027999}]
iris,lr,[{'no_impute': 0.816194033492973, 'impute_standard': 0.5555287350465483, 'impute_mean': 0.8186948409984018, 'impute_std': 0.6294286842739041, 'impute_mode': 0.6705516280572635, 'impute_median': 0.8424310508940147, 'impute_knn': 0.8152336163939571, 'impute_mice': 0.8431037654681932, 'impute_soft': 0.6687248425298125, 'impute_random': 0.6039905609340478, 'impute_linear_and_logistic': 0.8096020714756111}, {'no_impute': 0.8138680342453323, 'impute_standard': 0.5603946459988778, 'impute_mean': 0.8148751780567423, 'impute_std': 0.6686641383274776, 'impute_mode': 0.6992138214342805, 'impute_median': 0.8379213319010895, 'impute_knn': 0.8342869735612406, 'impute_mice': 0.8643130186268653, 'impute_soft': 0.740184522092121, 'impute_random': 0.630088510640366, 'impute_linear_and_logistic': 0.8185588787721718}, {'no_impute': 0.8472017101325722, 'impute_standard': 0.6035971966267621, 'impute_mean': 0.8507216301630751, 'impute_std': 0.7249017685893577, 'impute_mode': 0.7330337091268729, 'impute_median': 0.870951005895626, 'impute_knn': 0.894669512479961, 'impute_mice': 0.8983552980344218, 'impute_soft': 0.8317172351168127, 'impute_random': 0.71377072813374, 'impute_linear_and_logistic': 0.8794459650267504}, {'no_impute': 0.886788492720427, 'impute_standard': 0.6984906514427771, 'impute_mean': 0.891512073955922, 'impute_std': 0.8070052703051581, 'impute_mode': 0.7584328941646076, 'impute_median': 0.9181450679906651, 'impute_knn': 0.9108281800835347, 'impute_mice': 0.931212410129242, 'impute_soft': 0.9108585423855929, 'impute_random': 0.8338352287236426, 'impute_linear_and_logistic': 0.9124852407646665}, {'no_impute': 0.912196789617382, 'impute_standard': 0.7952780277054016, 'impute_mean': 0.9112803970343227, 'impute_std': 0.8715850466142426, 'impute_mode': 0.8484167152074431, 'impute_median': 0.9268072776584084, 'impute_knn': 0.9426091496581349, 'impute_mice': 0.9443727711978745, 'impute_soft': 0.9471474090699585, 'impute_random': 0.8930913920504848, 'impute_linear_and_logistic': 0.9379843290577188}]
iris,knn,[{'no_impute': 0.7774959287160164, 'impute_standard': 0.6489732904720426, 'impute_mean': 0.7777412066972775, 'impute_std': 0.7056327442373281, 'impute_mode': 0.718848147795219, 'impute_median': 0.7703058699646641, 'impute_knn': 0.7918336391058695, 'impute_mice': 0.8118804075761494, 'impute_soft': 0.7829772206534507, 'impute_random': 0.6373431789104124, 'impute_linear_and_logistic': 0.7806405785724998}, {'no_impute': 0.8245588316170914, 'impute_standard': 0.6579316650986022, 'impute_mean': 0.8211058334013078, 'impute_std': 0.7386337866233474, 'impute_mode': 0.7716988506751201, 'impute_median': 0.812084923192707, 'impute_knn': 0.8316593760298628, 'impute_mice': 0.8651723093391264, 'impute_soft': 0.8109495728364993, 'impute_random': 0.6976119561872594, 'impute_linear_and_logistic': 0.840418387671529}, {'no_impute': 0.8783710935589624, 'impute_standard': 0.7105910815387447, 'impute_mean': 0.8830750755423404, 'impute_std': 0.7692354864432536, 'impute_mode': 0.8330017278004841, 'impute_median': 0.8685202138983532, 'impute_knn': 0.907317991688586, 'impute_mice': 0.9075998778581583, 'impute_soft': 0.8933843621819615, 'impute_random': 0.7979140524890158, 'impute_linear_and_logistic': 0.881020986789907}, {'no_impute': 0.9236203661226998, 'impute_standard': 0.7959903354747954, 'impute_mean': 0.9245879141304776, 'impute_std': 0.8505140951989788, 'impute_mode': 0.8859718028347084, 'impute_median': 0.9225749605182393, 'impute_knn': 0.9238052731876787, 'impute_mice': 0.9334479760513227, 'impute_soft': 0.950563220293784, 'impute_random': 0.8617682621697643, 'impute_linear_and_logistic': 0.9252579506576313}, {'no_impute': 0.9305656329105635, 'impute_standard': 0.8419887090956409, 'impute_mean': 0.9305656329105635, 'impute_std': 0.8759576256756478, 'impute_mode': 0.9097650921196416, 'impute_median': 0.9429524872582715, 'impute_knn': 0.9535762746283561, 'impute_mice': 0.9508387933734416, 'impute_soft': 0.9479367042456103, 'impute_random': 0.9191596555862641, 'impute_linear_and_logistic': 0.954479875823395}]
iris,nb,[{'no_impute': 0.7754190232630576, 'impute_standard': 0.60949973575029, 'impute_mean': 0.7754190232630576, 'impute_std': 0.6768192800494978, 'impute_mode': 0.6945005981253268, 'impute_median': 0.7672593167122898, 'impute_knn': 0.8032276292452769, 'impute_mice': 0.8402958608842983, 'impute_soft': 0.7026613920649801, 'impute_random': 0.628016814072423, 'impute_linear_and_logistic': 0.7938779262555209}, {'no_impute': 0.8252177319980929, 'impute_standard': 0.6796514324080347, 'impute_mean': 0.8252177319980929, 'impute_std': 0.7371351728703779, 'impute_mode': 0.7341110754486566, 'impute_median': 0.8385103563621353, 'impute_knn': 0.8457000876046848, 'impute_mice': 0.8770492068500875, 'impute_soft': 0.7587752776635188, 'impute_random': 0.7004032903853397, 'impute_linear_and_logistic': 0.8257340838149866}, {'no_impute': 0.8684568280157322, 'impute_standard': 0.7275602547580414, 'impute_mean': 0.8684568280157322, 'impute_std': 0.8013786393939295, 'impute_mode': 0.7958403420523835, 'impute_median': 0.8664940483695348, 'impute_knn': 0.8749503641675035, 'impute_mice': 0.9130068492626615, 'impute_soft': 0.8711517989962725, 'impute_random': 0.7387512773155033, 'impute_linear_and_logistic': 0.8858414171078529}, {'no_impute': 0.8918462938429995, 'impute_standard': 0.7941257512801272, 'impute_mean': 0.8918462938429995, 'impute_std': 0.8555202532327569, 'impute_mode': 0.8337499535021611, 'impute_median': 0.8942509845074925, 'impute_knn': 0.8990148773986184, 'impute_mice': 0.917479478576101, 'impute_soft': 0.8999994434238622, 'impute_random': 0.8311547736646252, 'impute_linear_and_logistic': 0.9016381459166729}, {'no_impute': 0.9206457540008072, 'impute_standard': 0.840574466463928, 'impute_mean': 0.9206457540008072, 'impute_std': 0.883835979519162, 'impute_mode': 0.8947013837694759, 'impute_median': 0.9241513326440376, 'impute_knn': 0.9406036990142554, 'impute_mice': 0.9443879565711573, 'impute_soft': 0.9350462863857157, 'impute_random': 0.8858952127816712, 'impute_linear_and_logistic': 0.9352441019315658}]
cancer,dt,[{'no_impute': 0.9128007886703143, 'impute_standard': 0.9024463206579132, 'impute_mean': 0.9124619464867203, 'impute_std': 0.9097328336118068, 'impute_mode': 0.909249826906962, 'impute_median': 0.911015032120618, 'impute_knn': 0.9047928016068032, 'impute_mice': 0.923448034607729, 'impute_soft': 0.9201424278442265, 'impute_random': 0.7965140337094669, 'impute_linear_and_logistic': 0.8864565128335543}, {'no_impute': 0.9186051900038509, 'impute_standard': 0.9122603155299007, 'impute_mean': 0.9151358121831723, 'impute_std': 0.9168533184185487, 'impute_mode': 0.9164886540643763, 'impute_median': 0.9183204248286091, 'impute_knn': 0.9100820849027977, 'impute_mice': 0.9211600230842849, 'impute_soft': 0.9230917344427609, 'impute_random': 0.8560436215852385, 'impute_linear_and_logistic': 0.9098124794520375}, {'no_impute': 0.9220551226361202, 'impute_standard': 0.9244055931975917, 'impute_mean': 0.9232560401952278, 'impute_std': 0.9238987447474648, 'impute_mode': 0.9234653080757109, 'impute_median': 0.9278540153710491, 'impute_knn': 0.9361893872733892, 'impute_mice': 0.9296273595903538, 'impute_soft': 0.9366500002810634, 'impute_random': 0.8834815970760974, 'impute_linear_and_logistic': 0.9256601341085436}, {'no_impute': 0.930406137065117, 'impute_standard': 0.93310978107728, 'impute_mean': 0.9328019386807517, 'impute_std': 0.9308878809807928, 'impute_mode': 0.9339584567683412, 'impute_median': 0.935938154721033, 'impute_knn': 0.9421718961421058, 'impute_mice': 0.9385161301536926, 'impute_soft': 0.940146914573148, 'impute_random': 0.9042687172968308, 'impute_linear_and_logistic': 0.9364363305645528}, {'no_impute': 0.9383147268986778, 'impute_standard': 0.9376295422214777, 'impute_mean': 0.9353746778378782, 'impute_std': 0.9393516919220072, 'impute_mode': 0.9396636461817484, 'impute_median': 0.939193717579512, 'impute_knn': 0.946517869103923, 'impute_mice': 0.9418042624325172, 'impute_soft': 0.9428764342277094, 'impute_random': 0.9306190805926139, 'impute_linear_and_logistic': 0.9455358017786271}]
cancer,lr,[{'no_impute': 0.9455600714605507, 'impute_standard': 0.9118180278402844, 'impute_mean': 0.9458095541243002, 'impute_std': 0.944385940480254, 'impute_mode': 0.9334299452120384, 'impute_median': 0.937979806408165, 'impute_knn': 0.9405635810938979, 'impute_mice': 0.9433707106722563, 'impute_soft': 0.94417988670017, 'impute_random': 0.8631890178196672, 'impute_linear_and_logistic': 0.9390073766683747}, {'no_impute': 0.9525441614025556, 'impute_standard': 0.9255093416834327, 'impute_mean': 0.9531917182931617, 'impute_std': 0.9506752854404202, 'impute_mode': 0.9397917699114403, 'impute_median': 0.9455255698593826, 'impute_knn': 0.9505800516290115, 'impute_mice': 0.9501387466162511, 'impute_soft': 0.9496763102619945, 'impute_random': 0.8995808151374987, 'impute_linear_and_logistic': 0.9499327073391313}, {'no_impute': 0.958729224192538, 'impute_standard': 0.9437571397094224, 'impute_mean': 0.9589464641742427, 'impute_std': 0.959786242081482, 'impute_mode': 0.9513527615567301, 'impute_median': 0.9564403723562018, 'impute_knn': 0.958898316902763, 'impute_mice': 0.9575154188742934, 'impute_soft': 0.9601879776243876, 'impute_random': 0.9272440883561508, 'impute_linear_and_logistic': 0.9575243270375794}, {'no_impute': 0.9609835263266144, 'impute_standard': 0.9514929624552703, 'impute_mean': 0.960790533403493, 'impute_std': 0.9605555130358527, 'impute_mode': 0.9539756203715218, 'impute_median': 0.9572833885199423, 'impute_knn': 0.9593644319442776, 'impute_mice': 0.961796050558756, 'impute_soft': 0.9605809547354016, 'impute_random': 0.9464845487434059, 'impute_linear_and_logistic': 0.9603593199406057}, {'no_impute': 0.9676189130904891, 'impute_standard': 0.9613909174868943, 'impute_mean': 0.9672075825882114, 'impute_std': 0.9659619701322453, 'impute_mode': 0.9614395413764583, 'impute_median': 0.9638955675860932, 'impute_knn': 0.9675838251440678, 'impute_mice': 0.968009871093324, 'impute_soft': 0.967600247174296, 'impute_random': 0.9616036476121638, 'impute_linear_and_logistic': 0.9670027397754171}]
cancer,knn,[{'no_impute': 0.9387558185904967, 'impute_standard': 0.9036441502593697, 'impute_mean': 0.9393611016304988, 'impute_std': 0.9392554128548434, 'impute_mode': 0.9206921922455082, 'impute_median': 0.9271487744584461, 'impute_knn': 0.9386757134862739, 'impute_mice': 0.948231834330449, 'impute_soft': 0.9461798129727444, 'impute_random': 0.8396780981813645, 'impute_linear_and_logistic': 0.9389925656808147}, {'no_impute': 0.9443640585711317, 'impute_standard': 0.9141220792159777, 'impute_mean': 0.9447468572644558, 'impute_std': 0.942468021696986, 'impute_mode': 0.9330987622875592, 'impute_median': 0.9361228835670303, 'impute_knn': 0.9479810422377075, 'impute_mice': 0.9480228265193399, 'impute_soft': 0.9507336739702801, 'impute_random': 0.8723888016155972, 'impute_linear_and_logistic': 0.9470419296430495}, {'no_impute': 0.9566489675007271, 'impute_standard': 0.9292997485963821, 'impute_mean': 0.95644355063986, 'impute_std': 0.9563759080129837, 'impute_mode': 0.9436516486595966, 'impute_median': 0.9478736481256852, 'impute_knn': 0.9585810738341872, 'impute_mice': 0.95994852928438, 'impute_soft': 0.9605271907928885, 'impute_random': 0.9135273680306654, 'impute_linear_and_logistic': 0.9588630740624728}, {'no_impute': 0.9619067968730439, 'impute_standard': 0.9453198536605221, 'impute_mean': 0.9617005287939354, 'impute_std': 0.9621042566599829, 'impute_mode': 0.9540005294156839, 'impute_median': 0.9546561488797113, 'impute_knn': 0.9666082821864438, 'impute_mice': 0.9653981153856771, 'impute_soft': 0.9656120748115357, 'impute_random': 0.938055841906101, 'impute_linear_and_logistic': 0.9645643434412999}, {'no_impute': 0.9669791248512598, 'impute_standard': 0.9584829482606266, 'impute_mean': 0.9669791248512598, 'impute_std': 0.9663734099963359, 'impute_mode': 0.9618133178382446, 'impute_median': 0.9638717240960293, 'impute_knn': 0.9670238142057176, 'impute_mice': 0.9682223682146379, 'impute_soft': 0.9659895383859476, 'impute_random': 0.9599521930404523, 'impute_linear_and_logistic': 0.9662125864884626}]
cancer,nb,[{'no_impute': 0.9319263054915911, 'impute_standard': 0.9402756403759228, 'impute_mean': 0.9319263054915911, 'impute_std': 0.9356666491638386, 'impute_mode': 0.9400052893599693, 'impute_median': 0.9413823234397805, 'impute_knn': 0.9507288124385493, 'impute_mice': 0.9472880226965377, 'impute_soft': 0.9458201343400736, 'impute_random': 0.8318190415768385, 'impute_linear_and_logistic': 0.9414350625011517}, {'no_impute': 0.9421513056074302, 'impute_standard': 0.9466733316009908, 'impute_mean': 0.9421513056074302, 'impute_std': 0.9462628929562076, 'impute_mode': 0.9463216507824188, 'impute_median': 0.9470721476534181, 'impute_knn': 0.9546015020578242, 'impute_mice': 0.9506089991323471, 'impute_soft': 0.9539571108603535, 'impute_random': 0.8589611772723729, 'impute_linear_and_logistic': 0.9506337278668134}, {'no_impute': 0.9510583087471783, 'impute_standard': 0.9571708535900039, 'impute_mean': 0.9510583087471783, 'impute_std': 0.9502198740065314, 'impute_mode': 0.9557957563243912, 'impute_median': 0.9559756507587561, 'impute_knn': 0.9585586483082132, 'impute_mice': 0.9555689099118594, 'impute_soft': 0.9607883208849974, 'impute_random': 0.8925541064103752, 'impute_linear_and_logistic': 0.9552968296960141}, {'no_impute': 0.9562528653988331, 'impute_standard': 0.957230770874421, 'impute_mean': 0.9562528653988331, 'impute_std': 0.9557214872599613, 'impute_mode': 0.9556239587071403, 'impute_median': 0.9562109061074267, 'impute_knn': 0.9601969986630695, 'impute_mice': 0.9593807843870703, 'impute_soft': 0.9591888407963705, 'impute_random': 0.9245950958740075, 'impute_linear_and_logistic': 0.9597734199358373}, {'no_impute': 0.9581637615255425, 'impute_standard': 0.9614788243991153, 'impute_mean': 0.9581637615255425, 'impute_std': 0.9591906213526673, 'impute_mode': 0.9624879925933516, 'impute_median': 0.9624780153578008, 'impute_knn': 0.964077341609193, 'impute_mice': 0.9630662198082349, 'impute_soft': 0.9632601975750243, 'impute_random': 0.9334364175845086, 'impute_linear_and_logistic': 0.9620525010816422}]
wine,dt,[{'no_impute': 0.46264981947313355, 'impute_standard': 0.4440735639244284, 'impute_mean': 0.46947029225555803, 'impute_std': 0.4421049734071443, 'impute_mode': 0.449909751605787, 'impute_median': 0.46236752160716144, 'impute_knn': 0.4396063410877602, 'impute_mice': 0.4549445038758381, 'impute_soft': 0.4395858839935656, 'impute_random': 0.4125029485062932, 'impute_linear_and_logistic': 0.446324856874359}, {'no_impute': 0.4766428964404045, 'impute_standard': 0.45524399820990397, 'impute_mean': 0.47357222794363374, 'impute_std': 0.4548432966712952, 'impute_mode': 0.4755997364037029, 'impute_median': 0.47501174598083185, 'impute_knn': 0.4734403627944186, 'impute_mice': 0.4719236911122156, 'impute_soft': 0.4569160569510007, 'impute_random': 0.43913935702505236, 'impute_linear_and_logistic': 0.4573134785182115}, {'no_impute': 0.4966780695702664, 'impute_standard': 0.48221182625287473, 'impute_mean': 0.49828600126994815, 'impute_std': 0.4848307955379688, 'impute_mode': 0.4921186623080568, 'impute_median': 0.503589879656122, 'impute_knn': 0.48936616900215457, 'impute_mice': 0.4941258216571995, 'impute_soft': 0.47811017603727557, 'impute_random': 0.4588712960257279, 'impute_linear_and_logistic': 0.4828930984951086}, {'no_impute': 0.5071259940899839, 'impute_standard': 0.501360396953929, 'impute_mean': 0.5088373977037233, 'impute_std': 0.5005929234703109, 'impute_mode': 0.5084802433888612, 'impute_median': 0.5094950108780935, 'impute_knn': 0.5200572620751673, 'impute_mice': 0.534560418926266, 'impute_soft': 0.4982796347966322, 'impute_random': 0.49693608180297943, 'impute_linear_and_logistic': 0.5161673844170528}, {'no_impute': 0.5530989007635447, 'impute_standard': 0.5363109351585909, 'impute_mean': 0.554401136588176, 'impute_std': 0.5347990450004133, 'impute_mode': 0.5527080549223343, 'impute_median': 0.5531171440314256, 'impute_knn': 0.5666177832022629, 'impute_mice': 0.5568983926262414, 'impute_soft': 0.5410798343287315, 'impute_random': 0.536023068190164, 'impute_linear_and_logistic': 0.5602152782289573}]
wine,lr,[{'no_impute': 0.5352978469849706, 'impute_standard': 0.4323396102644993, 'impute_mean': 0.5363513019567889, 'impute_std': 0.4515235509153724, 'impute_mode': 0.5188947686059986, 'impute_median': 0.5375781587843694, 'impute_knn': 0.5273295548442537, 'impute_mice': 0.5400040454729726, 'impute_soft': 0.469897296001164, 'impute_random': 0.49807524478915605, 'impute_linear_and_logistic': 0.5359101533415989}, {'no_impute': 0.5528830066501367, 'impute_standard': 0.4367977651395819, 'impute_mean': 0.5535493473937273, 'impute_std': 0.4600116319885857, 'impute_mode': 0.540233601296421, 'impute_median': 0.5519277644253578, 'impute_knn': 0.5509040448180567, 'impute_mice': 0.5588333649668833, 'impute_soft': 0.48395775824174386, 'impute_random': 0.5036237493061496, 'impute_linear_and_logistic': 0.5580074343371729}, {'no_impute': 0.5651263732690475, 'impute_standard': 0.45952138951583354, 'impute_mean': 0.5653914821645102, 'impute_std': 0.478768358772608, 'impute_mode': 0.5512326485709947, 'impute_median': 0.5617092825768448, 'impute_knn': 0.5694743340777029, 'impute_mice': 0.5716807510784898, 'impute_soft': 0.5124384463340308, 'impute_random': 0.5291139124267553, 'impute_linear_and_logistic': 0.568251786985378}, {'no_impute': 0.5743253997683068, 'impute_standard': 0.4768652725340535, 'impute_mean': 0.5744877461821478, 'impute_std': 0.49644784317660523, 'impute_mode': 0.5631690640217396, 'impute_median': 0.5722332527731517, 'impute_knn': 0.5869776380680257, 'impute_mice': 0.5844911932834103, 'impute_soft': 0.5362432841674895, 'impute_random': 0.5557067305439836, 'impute_linear_and_logistic': 0.5770314251119131}, {'no_impute': 0.5895424955411017, 'impute_standard': 0.5036225056248748, 'impute_mean': 0.5894626481470453, 'impute_std': 0.5125026164310421, 'impute_mode': 0.5811537901988435, 'impute_median': 0.5896779723059212, 'impute_knn': 0.5932263387004915, 'impute_mice': 0.5972148613905046, 'impute_soft': 0.5671413143149882, 'impute_random': 0.5827518962643946, 'impute_linear_and_logistic': 0.5976586885136809}]
wine,knn,[{'no_impute': 0.4783774060503928, 'impute_standard': 0.4105561091760189, 'impute_mean': 0.4781644710742579, 'impute_std': 0.4170622651886672, 'impute_mode': 0.4641595897151789, 'impute_median': 0.47491348922643273, 'impute_knn': 0.48399520750570213, 'impute_mice': 0.4821458293509875, 'impute_soft': 0.453369112287239, 'impute_random': 0.45315872101939275, 'impute_linear_and_logistic': 0.4777668478300126}, {'no_impute': 0.5079436231429595, 'impute_standard': 0.42327883497325824, 'impute_mean': 0.5068276349837982, 'impute_std': 0.4378972839495059, 'impute_mode': 0.48637230046792945, 'impute_median': 0.5124549623888791, 'impute_knn': 0.50163972468781, 'impute_mice': 0.5075699400015857, 'impute_soft': 0.4827599476242492, 'impute_random': 0.47392278121230774, 'impute_linear_and_logistic': 0.5175969556708672}, {'no_impute': 0.5222243174328534, 'impute_standard': 0.43576218039354014, 'impute_mean': 0.5232258296334111, 'impute_std': 0.45243230911133564, 'impute_mode': 0.5105387933057469, 'impute_median': 0.5249231845717857, 'impute_knn': 0.5239631217442702, 'impute_mice': 0.5347900392533445, 'impute_soft': 0.5070905633135434, 'impute_random': 0.50249330152206, 'impute_linear_and_logistic': 0.5307529607663036}, {'no_impute': 0.5372515801368294, 'impute_standard': 0.4469227946757873, 'impute_mean': 0.5375999167568846, 'impute_std': 0.4652446930292341, 'impute_mode': 0.5325390676553836, 'impute_median': 0.5365017685772914, 'impute_knn': 0.5450171366580836, 'impute_mice': 0.5514029369678739, 'impute_soft': 0.5193982102114195, 'impute_random': 0.5170908018680123, 'impute_linear_and_logistic': 0.5441116976553158}, {'no_impute': 0.5537640110784043, 'impute_standard': 0.4873329753054265, 'impute_mean': 0.5532019676785511, 'impute_std': 0.5006095557468642, 'impute_mode': 0.554396435934781, 'impute_median': 0.5556325171990222, 'impute_knn': 0.5595033494666383, 'impute_mice': 0.5665560606121203, 'impute_soft': 0.543822599980156, 'impute_random': 0.5402534859080346, 'impute_linear_and_logistic': 0.5666939947136345}]
wine,nb,[{'no_impute': 0.4838943126820503, 'impute_standard': 0.43382178580974406, 'impute_mean': 0.4838943126820503, 'impute_std': 0.42138904169055824, 'impute_mode': 0.4555453772999444, 'impute_median': 0.4719454172389655, 'impute_knn': 0.5007478751785748, 'impute_mice': 0.499886153123654, 'impute_soft': 0.4073757412151981, 'impute_random': 0.4627984102320855, 'impute_linear_and_logistic': 0.49276283276290034}, {'no_impute': 0.49961001803913063, 'impute_standard': 0.4452760019784656, 'impute_mean': 0.49961001803913063, 'impute_std': 0.42330535648486567, 'impute_mode': 0.47876522664564525, 'impute_median': 0.4891900862396796, 'impute_knn': 0.5109796762678882, 'impute_mice': 0.517209525696648, 'impute_soft': 0.42311091306333454, 'impute_random': 0.4878329868102461, 'impute_linear_and_logistic': 0.5038034716732316}, {'no_impute': 0.523364011664482, 'impute_standard': 0.4418438138841397, 'impute_mean': 0.523364011664482, 'impute_std': 0.4343989548349566, 'impute_mode': 0.5110655167751763, 'impute_median': 0.5216981942326837, 'impute_knn': 0.5237337585424076, 'impute_mice': 0.5301030893233821, 'impute_soft': 0.4532181454552633, 'impute_random': 0.5103445428442563, 'impute_linear_and_logistic': 0.5240217810083747}, {'no_impute': 0.5410315922499085, 'impute_standard': 0.45386349403112536, 'impute_mean': 0.5410315922499085, 'impute_std': 0.44546568385993685, 'impute_mode': 0.5379752296323745, 'impute_median': 0.5386419029758306, 'impute_knn': 0.5416957489716867, 'impute_mice': 0.5399809971810016, 'impute_soft': 0.46765597342648907, 'impute_random': 0.525151867436105, 'impute_linear_and_logistic': 0.5398473165838983}, {'no_impute': 0.5512688866545017, 'impute_standard': 0.388094532584418, 'impute_mean': 0.5512688866545017, 'impute_std': 0.3784814997867947, 'impute_mode': 0.5484034605018632, 'impute_median': 0.5497975668535403, 'impute_knn': 0.5485243459056282, 'impute_mice': 0.5514977728221638, 'impute_soft': 0.48093399510255586, 'impute_random': 0.5415879648477832, 'impute_linear_and_logistic': 0.5515620458689299}]
letter,dt,[{'no_impute': 0.252402012947291, 'impute_standard': 0.20588283489108283, 'impute_mean': 0.25151551327413985, 'impute_std': 0.22376083617895437, 'impute_mode': 0.2692870806259477, 'impute_median': 0.26967956580949476, 'impute_knn': 0.22541211219364043, 'impute_mice': 0.24477447898259566, 'impute_soft': 0.24003306453016185, 'impute_random': 0.13144594899347636, 'impute_linear_and_logistic': 0.22860202564198617}, {'no_impute': 0.3167641182422802, 'impute_standard': 0.25493201698947493, 'impute_mean': 0.315908099201106, 'impute_std': 0.2710907446754381, 'impute_mode': 0.32644212363319025, 'impute_median': 0.32352916437863594, 'impute_knn': 0.3282695670234342, 'impute_mice': 0.32746412392832447, 'impute_soft': 0.3082385794755817, 'impute_random': 0.18889705843631563, 'impute_linear_and_logistic': 0.30386270208367805}, {'no_impute': 0.38197030888747996, 'impute_standard': 0.31992119083708936, 'impute_mean': 0.3850249016826397, 'impute_std': 0.35103602027725145, 'impute_mode': 0.39270141524393665, 'impute_median': 0.39234070151374273, 'impute_knn': 0.4687852297387095, 'impute_mice': 0.395353147724027, 'impute_soft': 0.38254615366821415, 'impute_random': 0.25825616637611315, 'impute_linear_and_logistic': 0.3847758635139615}, {'no_impute': 0.4646602377001129, 'impute_standard': 0.3963157709634918, 'impute_mean': 0.4640077682763638, 'impute_std': 0.4293980728356345, 'impute_mode': 0.462167154297698, 'impute_median': 0.46329095484259436, 'impute_knn': 0.5703191116685747, 'impute_mice': 0.49814504842844964, 'impute_soft': 0.4652859172102367, 'impute_random': 0.37222153313025985, 'impute_linear_and_logistic': 0.4773543960642398}, {'no_impute': 0.5640449368817477, 'impute_standard': 0.5023754736505057, 'impute_mean': 0.5626223491206286, 'impute_std': 0.5385341920665473, 'impute_mode': 0.5639924779060654, 'impute_median': 0.5681152230410484, 'impute_knn': 0.6449595064065832, 'impute_mice': 0.5900294447623454, 'impute_soft': 0.5794254284435127, 'impute_random': 0.504324579451908, 'impute_linear_and_logistic': 0.57801403297627}]
letter,lr,[{'no_impute': 0.3386780320146887, 'impute_standard': 0.1159448323864283, 'impute_mean': 0.33999331849305664, 'impute_std': 0.1926636908433421, 'impute_mode': 0.32948719655446257, 'impute_median': 0.3325809883465858, 'impute_knn': 0.3336654498456215, 'impute_mice': 0.36162989590326244, 'impute_soft': 0.33000630800665015, 'impute_random': 0.19649913775412692, 'impute_linear_and_logistic': 0.34876516629734106}, {'no_impute': 0.40691520822928917, 'impute_standard': 0.14486540687333913, 'impute_mean': 0.40625459968311906, 'impute_std': 0.23752660985198945, 'impute_mode': 0.3974585724773201, 'impute_median': 0.40263251454203947, 'impute_knn': 0.451828866735204, 'impute_mice': 0.4364391746669981, 'impute_soft': 0.4059354072402505, 'impute_random': 0.253199508621484, 'impute_linear_and_logistic': 0.4276982987877551}, {'no_impute': 0.46074036814665204, 'impute_standard': 0.20351249038366936, 'impute_mean': 0.4608288730729323, 'impute_std': 0.2996387136360201, 'impute_mode': 0.4510771796854218, 'impute_median': 0.45961760193651674, 'impute_knn': 0.570251001043365, 'impute_mice': 0.49025822179117073, 'impute_soft': 0.4892280337778674, 'impute_random': 0.34137224970104496, 'impute_linear_and_logistic': 0.4987145802898188}, {'no_impute': 0.5372181021952492, 'impute_standard': 0.28025042246175796, 'impute_mean': 0.5378175754934584, 'impute_std': 0.3805481789547184, 'impute_mode': 0.5265527507147663, 'impute_median': 0.5329887895326426, 'impute_knn': 0.6632226604157762, 'impute_mice': 0.5913884967925034, 'impute_soft': 0.5706434542562534, 'impute_random': 0.43702919304582144, 'impute_linear_and_logistic': 0.5814614144175925}, {'no_impute': 0.6295340769837191, 'impute_standard': 0.4213235038767013, 'impute_mean': 0.6292791836384894, 'impute_std': 0.5036628976520405, 'impute_mode': 0.6203211454263464, 'impute_median': 0.6266402645391921, 'impute_knn': 0.7083820245697527, 'impute_mice': 0.6736272704038444, 'impute_soft': 0.6535338859776008, 'impute_random': 0.562620489317699, 'impute_linear_and_logistic': 0.6650242733254932}]
letter,knn,[{'no_impute': 0.28042094431348874, 'impute_standard': 0.0979143065366209, 'impute_mean': 0.2809807001961679, 'impute_std': 0.14179697312050726, 'impute_mode': 0.2710141120751373, 'impute_median': 0.2766822978051044, 'impute_knn': 0.2926558763346938, 'impute_mice': 0.30706945179866235, 'impute_soft': 0.2792881346080948, 'impute_random': 0.140860369922799, 'impute_linear_and_logistic': 0.294653542614942}, {'no_impute': 0.35694970288228456, 'impute_standard': 0.12948659184749348, 'impute_mean': 0.35591952941060845, 'impute_std': 0.18527745504468018, 'impute_mode': 0.34139659815600665, 'impute_median': 0.3517995892473142, 'impute_knn': 0.4302871600033987, 'impute_mice': 0.40457490316890615, 'impute_soft': 0.3635506356110405, 'impute_random': 0.20672025061005272, 'impute_linear_and_logistic': 0.3846410302026548}, {'no_impute': 0.44179841563618916, 'impute_standard': 0.17646636378486094, 'impute_mean': 0.44231320735866025, 'impute_std': 0.2580436073662199, 'impute_mode': 0.42098234728103745, 'impute_median': 0.4350297638880093, 'impute_knn': 0.576160166301938, 'impute_mice': 0.47222405091453035, 'impute_soft': 0.46928118281960884, 'impute_random': 0.3098905978563956, 'impute_linear_and_logistic': 0.48732176473261124}, {'no_impute': 0.5359258140399984, 'impute_standard': 0.2576849355014051, 'impute_mean': 0.5363535345390813, 'impute_std': 0.345159164984046, 'impute_mode': 0.5133481587572034, 'impute_median': 0.5312089877963411, 'impute_knn': 0.663304203500539, 'impute_mice': 0.5923729044116587, 'impute_soft': 0.5651919177598796, 'impute_random': 0.4354933230465674, 'impute_linear_and_logistic': 0.5782699710207723}, {'no_impute': 0.6324394894294434, 'impute_standard': 0.3818873522674507, 'impute_mean': 0.6323688396703996, 'impute_std': 0.4806391056645044, 'impute_mode': 0.6186770878860302, 'impute_median': 0.625538714467232, 'impute_knn': 0.7036241064966553, 'impute_mice': 0.6697155137282829, 'impute_soft': 0.6480149610816417, 'impute_random': 0.570133601874714, 'impute_linear_and_logistic': 0.6674002021235612}]
letter,nb,[{'no_impute': 0.31796077995189054, 'impute_standard': 0.1781155243255849, 'impute_mean': 0.31796077995189054, 'impute_std': 0.22099903153511985, 'impute_mode': 0.29970303356970024, 'impute_median': 0.30610348329219206, 'impute_knn': 0.33312379127061004, 'impute_mice': 0.3212599684901114, 'impute_soft': 0.28468018781306775, 'impute_random': 0.2139618710607847, 'impute_linear_and_logistic': 0.32297376096811325}, {'no_impute': 0.38655274990608074, 'impute_standard': 0.22636173757432423, 'impute_mean': 0.38655274990608074, 'impute_std': 0.27690586740254397, 'impute_mode': 0.37533533622180304, 'impute_median': 0.3800127416341624, 'impute_knn': 0.41530933384719854, 'impute_mice': 0.38559867969493355, 'impute_soft': 0.3602637120946714, 'impute_random': 0.28089387719137576, 'impute_linear_and_logistic': 0.39171919254342485}, {'no_impute': 0.4492490495546957, 'impute_standard': 0.28199863851134904, 'impute_mean': 0.4492490495546957, 'impute_std': 0.3346784632470817, 'impute_mode': 0.4351614753572253, 'impute_median': 0.44228496339163975, 'impute_knn': 0.49846045973124137, 'impute_mice': 0.4227123400530989, 'impute_soft': 0.42703556846182195, 'impute_random': 0.350272416139179, 'impute_linear_and_logistic': 0.4500855483585234}, {'no_impute': 0.5113302608386732, 'impute_standard': 0.3377207132733933, 'impute_mean': 0.5113302608386732, 'impute_std': 0.3968099560711381, 'impute_mode': 0.4970281942586158, 'impute_median': 0.5034775758669148, 'impute_knn': 0.5596174503970661, 'impute_mice': 0.506985061046065, 'impute_soft': 0.4970955543752709, 'impute_random': 0.42559822108527356, 'impute_linear_and_logistic': 0.5121008643276811}, {'no_impute': 0.5671326526613643, 'impute_standard': 0.3991364155164343, 'impute_mean': 0.5671326526613643, 'impute_std': 0.4578681261688249, 'impute_mode': 0.5593966503493824, 'impute_median': 0.5631510584710229, 'impute_knn': 0.5975931251932189, 'impute_mice': 0.5699228438986175, 'impute_soft': 0.5628237748562817, 'impute_random': 0.5170654580294292, 'impute_linear_and_logistic': 0.5664700278524354}]
car,dt,[{'no_impute': 0.6614566290780988, 'impute_standard': 0.6630090333047579, 'impute_mean': 0.6486573753337221, 'impute_std': 0.6477494426381768, 'impute_mode': 0.6476595899594687, 'impute_median': 0.6473303800682303, 'impute_knn': 0.6370893585128198, 'impute_mice': 0.6510049601685506, 'impute_soft': 0.6651900736625197, 'impute_random': 0.5790294138271999, 'impute_linear_and_logistic': 0.6141026082586746}, {'no_impute': 0.687236237242082, 'impute_standard': 0.6870244848357974, 'impute_mean': 0.6708734771322915, 'impute_std': 0.6714592073770265, 'impute_mode': 0.6708539576448503, 'impute_median': 0.6719668677479219, 'impute_knn': 0.6609266118756455, 'impute_mice': 0.6761831857788506, 'impute_soft': 0.6776157241982914, 'impute_random': 0.6240783241836458, 'impute_linear_and_logistic': 0.6369833159022278}, {'no_impute': 0.7329909725283502, 'impute_standard': 0.733866502146063, 'impute_mean': 0.68816997033852, 'impute_std': 0.6887115709929595, 'impute_mode': 0.6888140152964783, 'impute_median': 0.6886998239303611, 'impute_knn': 0.7015963308165934, 'impute_mice': 0.7237897571441927, 'impute_soft': 0.7247708000570366, 'impute_random': 0.6569643759088567, 'impute_linear_and_logistic': 0.6622606515627407}, {'no_impute': 0.7824106244238369, 'impute_standard': 0.7829237081139548, 'impute_mean': 0.7250706657620469, 'impute_std': 0.7254773045970182, 'impute_mode': 0.7271272278370481, 'impute_median': 0.7250716826968019, 'impute_knn': 0.767028516780568, 'impute_mice': 0.7762858651868921, 'impute_soft': 0.7779976105627505, 'impute_random': 0.7022653097548847, 'impute_linear_and_logistic': 0.7170576418072255}, {'no_impute': 0.8591156061753553, 'impute_standard': 0.8599592542452708, 'impute_mean': 0.8064479459416332, 'impute_std': 0.8073414283270105, 'impute_mode': 0.8067501151622699, 'impute_median': 0.8080441861728476, 'impute_knn': 0.8516838067447533, 'impute_mice': 0.8632166502737144, 'impute_soft': 0.8674084374596158, 'impute_random': 0.7961168415957647, 'impute_linear_and_logistic': 0.8054852398460025}]
car,lr,[{'no_impute': 0.689295007466335, 'impute_standard': 0.689295007466335, 'impute_mean': 0.6586974878885221, 'impute_std': 0.6586974878885221, 'impute_mode': 0.6586974878885221, 'impute_median': 0.6586974878885221, 'impute_knn': 0.598019946588263, 'impute_mice': 0.5973055824167753, 'impute_soft': 0.6018360580355125, 'impute_random': 0.6266705717194424, 'impute_linear_and_logistic': 0.5866271540531944}, {'no_impute': 0.7181170622152737, 'impute_standard': 0.7181170622152737, 'impute_mean': 0.6951238102861756, 'impute_std': 0.6951238102861756, 'impute_mode': 0.6951238102861756, 'impute_median': 0.6951238102861756, 'impute_knn': 0.6054759070717608, 'impute_mice': 0.6130490983981214, 'impute_soft': 0.6087806819617392, 'impute_random': 0.6573739331302466, 'impute_linear_and_logistic': 0.5915266020573288}, {'no_impute': 0.7532896442070481, 'impute_standard': 0.7532896442070481, 'impute_mean': 0.7133413141516814, 'impute_std': 0.7133413141516814, 'impute_mode': 0.7133413141516814, 'impute_median': 0.7133413141516814, 'impute_knn': 0.616112400015582, 'impute_mice': 0.6195200739568816, 'impute_soft': 0.6171399712464058, 'impute_random': 0.7095633214511208, 'impute_linear_and_logistic': 0.5969291421584886}, {'no_impute': 0.7947687213732678, 'impute_standard': 0.7947687213732678, 'impute_mean': 0.7675682966146845, 'impute_std': 0.7675682966146845, 'impute_mode': 0.7675682966146845, 'impute_median': 0.7675682966146845, 'impute_knn': 0.6190972385718891, 'impute_mice': 0.6228849364480358, 'impute_soft': 0.6226786757104344, 'impute_random': 0.7540863159717133, 'impute_linear_and_logistic': 0.6109360221308473}, {'no_impute': 0.8441989063090501, 'impute_standard': 0.8441989063090501, 'impute_mean': 0.8291052286338575, 'impute_std': 0.8291052286338575, 'impute_mode': 0.8291052286338575, 'impute_median': 0.8291052286338575, 'impute_knn': 0.6246058114296844, 'impute_mice': 0.6261040948990476, 'impute_soft': 0.624033903388105, 'impute_random': 0.8277428959657687, 'impute_linear_and_logistic': 0.6186149014554657}]
car,knn,[{'no_impute': 0.6557992840202593, 'impute_standard': 0.6557992840202593, 'impute_mean': 0.6373229177642133, 'impute_std': 0.6373229177642133, 'impute_mode': 0.6373229177642133, 'impute_median': 0.6373229177642133, 'impute_knn': 0.6408057426265638, 'impute_mice': 0.6488470437144199, 'impute_soft': 0.6507809725563366, 'impute_random': 0.6328553831515389, 'impute_linear_and_logistic': 0.6239155882453287}, {'no_impute': 0.6737737738439762, 'impute_standard': 0.6737737738439762, 'impute_mean': 0.6583255908782343, 'impute_std': 0.6583255908782343, 'impute_mode': 0.6583255908782343, 'impute_median': 0.6583255908782343, 'impute_knn': 0.6706091345167443, 'impute_mice': 0.6725754947503035, 'impute_soft': 0.6750304020119698, 'impute_random': 0.6408177236655583, 'impute_linear_and_logistic': 0.6555154497910378}, {'no_impute': 0.7129435120785201, 'impute_standard': 0.7129435120785201, 'impute_mean': 0.697301634188696, 'impute_std': 0.697301634188696, 'impute_mode': 0.697301634188696, 'impute_median': 0.697301634188696, 'impute_knn': 0.7087662286872152, 'impute_mice': 0.7069168098527794, 'impute_soft': 0.7107047705060886, 'impute_random': 0.6938572897079727, 'impute_linear_and_logistic': 0.6898790132527068}, {'no_impute': 0.7476726777963696, 'impute_standard': 0.7476726777963696, 'impute_mean': 0.7316501549522243, 'impute_std': 0.7316501549522243, 'impute_mode': 0.7316501549522243, 'impute_median': 0.7316501549522243, 'impute_knn': 0.7513964827858474, 'impute_mice': 0.7507579528991036, 'impute_soft': 0.746175678992929, 'impute_random': 0.7301928998768683, 'impute_linear_and_logistic': 0.7372374881629051}, {'no_impute': 0.8154977186675558, 'impute_standard': 0.8154977186675558, 'impute_mean': 0.7884945815395841, 'impute_std': 0.7884945815395841, 'impute_mode': 0.7884945815395841, 'impute_median': 0.7884945815395841, 'impute_knn': 0.8112367294533435, 'impute_mice': 0.8132034047231063, 'impute_soft': 0.8103584587062527, 'impute_random': 0.7873786387107526, 'impute_linear_and_logistic': 0.7934030644070151}]
car,nb,[{'no_impute': 0.5184575513872722, 'impute_standard': 0.5184575513872722, 'impute_mean': 0.40438288308209847, 'impute_std': 0.40438288308209847, 'impute_mode': 0.40438288308209847, 'impute_median': 0.40438288308209847, 'impute_knn': 0.6128156980100082, 'impute_mice': 0.6157271566943033, 'impute_soft': 0.6132866819872139, 'impute_random': 0.6421018715455772, 'impute_linear_and_logistic': 0.5901745915281024}, {'no_impute': 0.5793618606309536, 'impute_standard': 0.5793618606309536, 'impute_mean': 0.5045810235128974, 'impute_std': 0.5045810235128974, 'impute_mode': 0.5045810235128974, 'impute_median': 0.5045810235128974, 'impute_knn': 0.6201412312955612, 'impute_mice': 0.6312332539572723, 'impute_soft': 0.6286212095138817, 'impute_random': 0.6686246921726364, 'impute_linear_and_logistic': 0.5854596186907303}, {'no_impute': 0.6377955444590812, 'impute_standard': 0.6377955444590812, 'impute_mean': 0.5101183769915042, 'impute_std': 0.5101183769915042, 'impute_mode': 0.5101183769915042, 'impute_median': 0.5101183769915042, 'impute_knn': 0.6393071705428547, 'impute_mice': 0.6432175530172004, 'impute_soft': 0.6450025271560944, 'impute_random': 0.667816015603412, 'impute_linear_and_logistic': 0.6192691477180843}, {'no_impute': 0.7039680876829869, 'impute_standard': 0.7039680876829869, 'impute_mean': 0.5533876250475297, 'impute_std': 0.5533876250475297, 'impute_mode': 0.5533876250475297, 'impute_median': 0.5533876250475297, 'impute_knn': 0.6546496524869497, 'impute_mice': 0.6574426353327326, 'impute_soft': 0.6589822785151974, 'impute_random': 0.6438475796259545, 'impute_linear_and_logistic': 0.6234394852134361}, {'no_impute': 0.7549270281876069, 'impute_standard': 0.7549270281876069, 'impute_mean': 0.6285208129348989, 'impute_std': 0.6285208129348989, 'impute_mode': 0.6285208129348989, 'impute_median': 0.6285208129348989, 'impute_knn': 0.6792656920411898, 'impute_mice': 0.6847959642311815, 'impute_soft': 0.682280493643022, 'impute_random': 0.6560834701973006, 'impute_linear_and_logistic': 0.6547302251081951}]
users,dt,[{'no_impute': 0.829083857979075, 'impute_standard': 0.8279144407252056, 'impute_mean': 0.8464286377688702, 'impute_std': 0.8464286377688702, 'impute_mode': 0.8464286377688702, 'impute_median': 0.8460393956224866, 'impute_knn': 0.8311540250611958, 'impute_mice': 0.8336680406395985, 'impute_soft': 0.7945876829115872, 'impute_random': 0.7156429391576041, 'impute_linear_and_logistic': 0.829952494647288}, {'no_impute': 0.8692889526019918, 'impute_standard': 0.8708923114867575, 'impute_mean': 0.8827123279323617, 'impute_std': 0.8831282552323569, 'impute_mode': 0.8831233119314909, 'impute_median': 0.8827046879159048, 'impute_knn': 0.8736584301271486, 'impute_mice': 0.8645266995681294, 'impute_soft': 0.8532583041630647, 'impute_random': 0.776815035752592, 'impute_linear_and_logistic': 0.8722295098659342}, {'no_impute': 0.9029498468658027, 'impute_standard': 0.9013129306168515, 'impute_mean': 0.9196724854252261, 'impute_std': 0.9187956173658762, 'impute_mode': 0.9211129326523687, 'impute_median': 0.9193381795959316, 'impute_knn': 0.9085952292567466, 'impute_mice': 0.9043092766188894, 'impute_soft': 0.8947954235330777, 'impute_random': 0.8335642140687742, 'impute_linear_and_logistic': 0.9076587787774056}, {'no_impute': 0.9411652017458902, 'impute_standard': 0.9405579691983181, 'impute_mean': 0.9477702629394209, 'impute_std': 0.9481994323070871, 'impute_mode': 0.9469335348701284, 'impute_median': 0.9460883590979781, 'impute_knn': 0.937498954856056, 'impute_mice': 0.9466132479899453, 'impute_soft': 0.9305359850884487, 'impute_random': 0.873613953067475, 'impute_linear_and_logistic': 0.9481041330066514}, {'no_impute': 0.9651940420425785, 'impute_standard': 0.9635360164008581, 'impute_mean': 0.9680351558243505, 'impute_std': 0.9676019745030442, 'impute_mode': 0.9672006398379999, 'impute_median': 0.9671691352050186, 'impute_knn': 0.9732681415419431, 'impute_mice': 0.9668885360398425, 'impute_soft': 0.9617538414928858, 'impute_random': 0.9328939669300385, 'impute_linear_and_logistic': 0.9767665268869105}]
users,lr,[{'no_impute': 0.7848733669994986, 'impute_standard': 0.7848733669994986, 'impute_mean': 0.7817404281155399, 'impute_std': 0.7817404281155399, 'impute_mode': 0.7817404281155399, 'impute_median': 0.7817404281155399, 'impute_knn': 0.7122856615120461, 'impute_mice': 0.6894302259319651, 'impute_soft': 0.6851394973888897, 'impute_random': 0.7342940804445379, 'impute_linear_and_logistic': 0.692553886762056}, {'no_impute': 0.8123895028902283, 'impute_standard': 0.8123895028902283, 'impute_mean': 0.8136801639194834, 'impute_std': 0.8136801639194834, 'impute_mode': 0.8136801639194834, 'impute_median': 0.8136801639194834, 'impute_knn': 0.7409892292927673, 'impute_mice': 0.7430179094532037, 'impute_soft': 0.7307207415752411, 'impute_random': 0.7795070888600703, 'impute_linear_and_logistic': 0.7265683960887281}, {'no_impute': 0.8418053629225148, 'impute_standard': 0.8418053629225148, 'impute_mean': 0.8297387164507055, 'impute_std': 0.8297387164507055, 'impute_mode': 0.8297387164507055, 'impute_median': 0.8297387164507055, 'impute_knn': 0.7296656520959316, 'impute_mice': 0.7295656402230045, 'impute_soft': 0.7240392162501412, 'impute_random': 0.8114324065364029, 'impute_linear_and_logistic': 0.7461652359721154}, {'no_impute': 0.8771981907681098, 'impute_standard': 0.8771981907681098, 'impute_mean': 0.8580681132933126, 'impute_std': 0.8580681132933126, 'impute_mode': 0.8580681132933126, 'impute_median': 0.8580681132933126, 'impute_knn': 0.7303554822306523, 'impute_mice': 0.7414700902600238, 'impute_soft': 0.735702422442084, 'impute_random': 0.8368845357616339, 'impute_linear_and_logistic': 0.7476420895765192}, {'no_impute': 0.9483186230959939, 'impute_standard': 0.9483186230959939, 'impute_mean': 0.934026168917676, 'impute_std': 0.934026168917676, 'impute_mode': 0.934026168917676, 'impute_median': 0.934026168917676, 'impute_knn': 0.7184724404690134, 'impute_mice': 0.7247756520192565, 'impute_soft': 0.7434864855207437, 'impute_random': 0.9273023870330972, 'impute_linear_and_logistic': 0.7525586218926618}]
users,knn,[{'no_impute': 0.7737024990252455, 'impute_standard': 0.7737024990252455, 'impute_mean': 0.796984573143947, 'impute_std': 0.796984573143947, 'impute_mode': 0.796984573143947, 'impute_median': 0.796984573143947, 'impute_knn': 0.8189257919972018, 'impute_mice': 0.8170907427303354, 'impute_soft': 0.7934403208297726, 'impute_random': 0.717315187127002, 'impute_linear_and_logistic': 0.7921764456795893}, {'no_impute': 0.8347311750820932, 'impute_standard': 0.8347311750820932, 'impute_mean': 0.8631440652099756, 'impute_std': 0.8631440652099756, 'impute_mode': 0.8631440652099756, 'impute_median': 0.8631440652099756, 'impute_knn': 0.8738513003689364, 'impute_mice': 0.8742507825178183, 'impute_soft': 0.8265225939034418, 'impute_random': 0.7814510913689436, 'impute_linear_and_logistic': 0.8312790095361406}, {'no_impute': 0.8630370861717488, 'impute_standard': 0.8630370861717488, 'impute_mean': 0.8932994005867853, 'impute_std': 0.8932994005867853, 'impute_mode': 0.8932994005867853, 'impute_median': 0.8932994005867853, 'impute_knn': 0.8985670864955843, 'impute_mice': 0.9050977448848304, 'impute_soft': 0.8715135310432738, 'impute_random': 0.841524569763481, 'impute_linear_and_logistic': 0.8912972593200512}, {'no_impute': 0.9244951788341228, 'impute_standard': 0.9244951788341228, 'impute_mean': 0.9195895162421263, 'impute_std': 0.9195895162421263, 'impute_mode': 0.9195895162421263, 'impute_median': 0.9195895162421263, 'impute_knn': 0.9337997566050518, 'impute_mice': 0.9481231337409795, 'impute_soft': 0.9213920325071047, 'impute_random': 0.8887283539730502, 'impute_linear_and_logistic': 0.925863745550437}, {'no_impute': 0.9742712445601679, 'impute_standard': 0.9742712445601679, 'impute_mean': 0.9672828807739448, 'impute_std': 0.9672828807739448, 'impute_mode': 0.9672828807739448, 'impute_median': 0.9672828807739448, 'impute_knn': 0.9801590202846876, 'impute_mice': 0.9759299048216782, 'impute_soft': 0.9550008856652823, 'impute_random': 0.9534540030107225, 'impute_linear_and_logistic': 0.973801365471332}]
users,nb,[{'no_impute': 0.4589383603071981, 'impute_standard': 0.4589383603071981, 'impute_mean': 0.42180105794641776, 'impute_std': 0.42180105794641776, 'impute_mode': 0.42180105794641776, 'impute_median': 0.42180105794641776, 'impute_knn': 0.7268427159173747, 'impute_mice': 0.7406156007772798, 'impute_soft': 0.6981394578387013, 'impute_random': 0.5153262520446718, 'impute_linear_and_logistic': 0.7185823442707397}, {'no_impute': 0.46879680160518705, 'impute_standard': 0.46879680160518705, 'impute_mean': 0.46362402135807934, 'impute_std': 0.46362402135807934, 'impute_mode': 0.46362402135807934, 'impute_median': 0.46362402135807934, 'impute_knn': 0.7322565686599772, 'impute_mice': 0.7522476608422264, 'impute_soft': 0.7086879271534732, 'impute_random': 0.5891177289770673, 'impute_linear_and_logistic': 0.7172658210915094}, {'no_impute': 0.5212785253803003, 'impute_standard': 0.5212785253803003, 'impute_mean': 0.5021563400134179, 'impute_std': 0.5021563400134179, 'impute_mode': 0.5021563400134179, 'impute_median': 0.5021563400134179, 'impute_knn': 0.7342678175080298, 'impute_mice': 0.7567897435534527, 'impute_soft': 0.7130932210275236, 'impute_random': 0.5888564838865529, 'impute_linear_and_logistic': 0.7312276942713974}, {'no_impute': 0.5264585843232926, 'impute_standard': 0.5264585843232926, 'impute_mean': 0.5264585843232926, 'impute_std': 0.5264585843232926, 'impute_mode': 0.5264585843232926, 'impute_median': 0.5264585843232926, 'impute_knn': 0.7458710039935388, 'impute_mice': 0.7618823651371809, 'impute_soft': 0.7384058685257278, 'impute_random': 0.6423257329800134, 'impute_linear_and_logistic': 0.7485545800655843}, {'no_impute': 0.5702542753325273, 'impute_standard': 0.5702542753325273, 'impute_mean': 0.5691594756078404, 'impute_std': 0.5691594756078404, 'impute_mode': 0.5691594756078404, 'impute_median': 0.5691594756078404, 'impute_knn': 0.7603848246111042, 'impute_mice': 0.769035116418127, 'impute_soft': 0.7573659515481169, 'impute_random': 0.5420652224433082, 'impute_linear_and_logistic': 0.7516015790286603}]
bank,dt,[{'no_impute': 0.8188516718789609, 'impute_standard': 0.8133675206338625, 'impute_mean': 0.817371403019175, 'impute_std': 0.818925486808957, 'impute_mode': 0.8149432264680151, 'impute_median': 0.8187595837744255, 'impute_knn': 0.804804938262389, 'impute_mice': 0.8094662167174725, 'impute_soft': 0.8067770322732485, 'impute_random': 0.7957524160673567, 'impute_linear_and_logistic': 0.8127607811335961}, {'no_impute': 0.8248624464150556, 'impute_standard': 0.8209703370974459, 'impute_mean': 0.8220083616537278, 'impute_std': 0.8247413637834045, 'impute_mode': 0.8252245266584032, 'impute_median': 0.8295806580994439, 'impute_knn': 0.8168911233513261, 'impute_mice': 0.8198542857205077, 'impute_soft': 0.8158245434737779, 'impute_random': 0.805366677388227, 'impute_linear_and_logistic': 0.8183246985568318}, {'no_impute': 0.8382239406360438, 'impute_standard': 0.8331026053317168, 'impute_mean': 0.83502978664632, 'impute_std': 0.834838305607233, 'impute_mode': 0.8365574136125316, 'impute_median': 0.8355553477903989, 'impute_knn': 0.8223129466032774, 'impute_mice': 0.8327362047517435, 'impute_soft': 0.8221503565816746, 'impute_random': 0.8133096549480525, 'impute_linear_and_logistic': 0.826888124358137}, {'no_impute': 0.8397150950365283, 'impute_standard': 0.8385825828735392, 'impute_mean': 0.8400949629894114, 'impute_std': 0.8387565225068255, 'impute_mode': 0.8418126653162187, 'impute_median': 0.8442000387358197, 'impute_knn': 0.8309661064423608, 'impute_mice': 0.8360184634620527, 'impute_soft': 0.8290961573218065, 'impute_random': 0.8300922801889825, 'impute_linear_and_logistic': 0.8362926007875744}, {'no_impute': 0.8487982065633817, 'impute_standard': 0.8490412176450745, 'impute_mean': 0.8533299746207196, 'impute_std': 0.8513982803674076, 'impute_mode': 0.8496691172525123, 'impute_median': 0.8500173746205419, 'impute_knn': 0.8423339238718204, 'impute_mice': 0.8476645847096131, 'impute_soft': 0.8413902574525476, 'impute_random': 0.8413721437483682, 'impute_linear_and_logistic': 0.8418911971653266}]
bank,lr,[{'no_impute': 0.846972668443063, 'impute_standard': 0.8435686718339847, 'impute_mean': 0.846089908892821, 'impute_std': 0.8460540454228336, 'impute_mode': 0.8454019003595801, 'impute_median': 0.8457407933372003, 'impute_knn': 0.8255707350884848, 'impute_mice': 0.8286204985457245, 'impute_soft': 0.8242886314806485, 'impute_random': 0.8235769305046522, 'impute_linear_and_logistic': 0.827368505150319}, {'no_impute': 0.8498720596502948, 'impute_standard': 0.8480042524849853, 'impute_mean': 0.8503563866121824, 'impute_std': 0.8509618559921991, 'impute_mode': 0.8497714245854359, 'impute_median': 0.8494509246148128, 'impute_knn': 0.828320274959819, 'impute_mice': 0.8290703174130576, 'impute_soft': 0.8265223084729462, 'impute_random': 0.832621075048249, 'impute_linear_and_logistic': 0.8300375164074157}, {'no_impute': 0.8622434762239235, 'impute_standard': 0.8582173456341028, 'impute_mean': 0.8620667937032325, 'impute_std': 0.8610431564266242, 'impute_mode': 0.8602484945649492, 'impute_median': 0.8605328008381837, 'impute_knn': 0.8370069701411063, 'impute_mice': 0.8385222184412957, 'impute_soft': 0.8341492449789815, 'impute_random': 0.8465139766006777, 'impute_linear_and_logistic': 0.8370422057452221}, {'no_impute': 0.8673192039844989, 'impute_standard': 0.8659585794534141, 'impute_mean': 0.8664322776099782, 'impute_std': 0.865556725056801, 'impute_mode': 0.8652969633332944, 'impute_median': 0.8665673052205785, 'impute_knn': 0.8428768967886702, 'impute_mice': 0.8446074029564802, 'impute_soft': 0.8415483721971794, 'impute_random': 0.8522636047818967, 'impute_linear_and_logistic': 0.843209316058334}, {'no_impute': 0.8729195321027262, 'impute_standard': 0.8702101537447661, 'impute_mean': 0.8721834158569473, 'impute_std': 0.8722535467400987, 'impute_mode': 0.8705841398279686, 'impute_median': 0.871265205493899, 'impute_knn': 0.8455570916301401, 'impute_mice': 0.8453735450112841, 'impute_soft': 0.844836583702075, 'impute_random': 0.8658895120841132, 'impute_linear_and_logistic': 0.845723997677666}]
bank,knn,[{'no_impute': 0.8235718437351912, 'impute_standard': 0.822630854049065, 'impute_mean': 0.8278734252685572, 'impute_std': 0.8263101447107357, 'impute_mode': 0.8262125946518944, 'impute_median': 0.8267926489311166, 'impute_knn': 0.8249360560175408, 'impute_mice': 0.8266583082111474, 'impute_soft': 0.8288191002049312, 'impute_random': 0.8167466657394731, 'impute_linear_and_logistic': 0.8255166833460782}, {'no_impute': 0.8278661004250722, 'impute_standard': 0.8282085054225254, 'impute_mean': 0.8315507760890826, 'impute_std': 0.8322082864297795, 'impute_mode': 0.8301577041662709, 'impute_median': 0.8321167049068918, 'impute_knn': 0.8291388619503903, 'impute_mice': 0.8327301785001541, 'impute_soft': 0.8294570921992439, 'impute_random': 0.8251408068514683, 'impute_linear_and_logistic': 0.8280923272283698}, {'no_impute': 0.8352674857430936, 'impute_standard': 0.834587007856839, 'impute_mean': 0.8370560943459998, 'impute_std': 0.8359508533971459, 'impute_mode': 0.8358145476308801, 'impute_median': 0.8379580947902279, 'impute_knn': 0.8388499238783815, 'impute_mice': 0.8397569096534151, 'impute_soft': 0.8347787257961118, 'impute_random': 0.8278544868268881, 'impute_linear_and_logistic': 0.8344661578392414}, {'no_impute': 0.8403215760124139, 'impute_standard': 0.8380491744828775, 'impute_mean': 0.8418917042140958, 'impute_std': 0.8418376787182783, 'impute_mode': 0.8402108079165242, 'impute_median': 0.8440476967669033, 'impute_knn': 0.8374819531897798, 'impute_mice': 0.8425927300698692, 'impute_soft': 0.8390296976957563, 'impute_random': 0.8347333488234434, 'impute_linear_and_logistic': 0.8387904972346469}, {'no_impute': 0.8477007355805206, 'impute_standard': 0.8464070286352011, 'impute_mean': 0.8493885980814345, 'impute_std': 0.850646385632505, 'impute_mode': 0.8480237349019903, 'impute_median': 0.8483200760428985, 'impute_knn': 0.83953468475441, 'impute_mice': 0.8445413681826324, 'impute_soft': 0.8418323907686299, 'impute_random': 0.8431454447286192, 'impute_linear_and_logistic': 0.8421644675717102}]
bank,nb,[{'no_impute': 0.7529402791520134, 'impute_standard': 0.7574858264065687, 'impute_mean': 0.7503625041524999, 'impute_std': 0.7463313671529814, 'impute_mode': 0.7537824451662655, 'impute_median': 0.7534830706132818, 'impute_knn': 0.8255795489607252, 'impute_mice': 0.8156780099304383, 'impute_soft': 0.8267354618681781, 'impute_random': 0.7130111154837253, 'impute_linear_and_logistic': 0.8242465191485351}, {'no_impute': 0.7974052639088753, 'impute_standard': 0.7998026290444255, 'impute_mean': 0.7647953347927172, 'impute_std': 0.7639973914686174, 'impute_mode': 0.7665342768032298, 'impute_median': 0.7663158971078996, 'impute_knn': 0.8255161505057342, 'impute_mice': 0.8187680303585705, 'impute_soft': 0.809754198228875, 'impute_random': 0.7725167639586746, 'impute_linear_and_logistic': 0.763697944896472}, {'no_impute': 0.8222676275443472, 'impute_standard': 0.8216468608792864, 'impute_mean': 0.8208137241672658, 'impute_std': 0.820426026049026, 'impute_mode': 0.8217034747220537, 'impute_median': 0.8214223183009149, 'impute_knn': 0.8251587711385621, 'impute_mice': 0.8209606607652558, 'impute_soft': 0.8303861438589223, 'impute_random': 0.8178967735720379, 'impute_linear_and_logistic': 0.825131885208613}, {'no_impute': 0.8483545522769577, 'impute_standard': 0.8474510403538328, 'impute_mean': 0.8427561088577995, 'impute_std': 0.8432341486548327, 'impute_mode': 0.8425242852365209, 'impute_median': 0.8429609620130074, 'impute_knn': 0.828873314016458, 'impute_mice': 0.8246582368815103, 'impute_soft': 0.8340574540718173, 'impute_random': 0.8392611935958745, 'impute_linear_and_logistic': 0.8277336430872992}, {'no_impute': 0.8519411409997272, 'impute_standard': 0.8522809441119994, 'impute_mean': 0.8473711948723459, 'impute_std': 0.8480109526891384, 'impute_mode': 0.8470941591473864, 'impute_median': 0.8474091782728579, 'impute_knn': 0.8328221406339812, 'impute_mice': 0.8312614369390348, 'impute_soft': 0.8342828610942196, 'impute_random': 0.8447436005689511, 'impute_linear_and_logistic': 0.8310079485895482}]
german,dt,[{'no_impute': 0.6023206833726005, 'impute_standard': 0.5909265053874455, 'impute_mean': 0.5908534851311594, 'impute_std': 0.5913019361859405, 'impute_mode': 0.6003056736614313, 'impute_median': 0.5997420514641967, 'impute_knn': 0.5925687992344025, 'impute_mice': 0.6041776530310218, 'impute_soft': 0.6064897310310449, 'impute_random': 0.5910096597059846, 'impute_linear_and_logistic': 0.6131029088938262}, {'no_impute': 0.5919533657538327, 'impute_standard': 0.5995640940268175, 'impute_mean': 0.6056818627977704, 'impute_std': 0.6061698633790347, 'impute_mode': 0.6121137944932303, 'impute_median': 0.5991065041122037, 'impute_knn': 0.6110178823209617, 'impute_mice': 0.5968980311709337, 'impute_soft': 0.6041081496617662, 'impute_random': 0.6016085718008019, 'impute_linear_and_logistic': 0.6011979951590286}, {'no_impute': 0.6006918401240549, 'impute_standard': 0.5954417640380933, 'impute_mean': 0.6122061769661654, 'impute_std': 0.6068184569218829, 'impute_mode': 0.6042148578869375, 'impute_median': 0.6138636825683649, 'impute_knn': 0.600123774032538, 'impute_mice': 0.6131791257625898, 'impute_soft': 0.599394377027389, 'impute_random': 0.5990388769333818, 'impute_linear_and_logistic': 0.6061199094992117}, {'no_impute': 0.614553350763865, 'impute_standard': 0.6153831806610853, 'impute_mean': 0.6246143031071175, 'impute_std': 0.6245023181663667, 'impute_mode': 0.6125882981427283, 'impute_median': 0.6146435133280579, 'impute_knn': 0.6135326089916552, 'impute_mice': 0.6164042243626379, 'impute_soft': 0.6203854586634786, 'impute_random': 0.6049996893418075, 'impute_linear_and_logistic': 0.6249411932824815}, {'no_impute': 0.6213957533317759, 'impute_standard': 0.6212086640397165, 'impute_mean': 0.6192899665203583, 'impute_std': 0.6191328272225083, 'impute_mode': 0.6174198415865524, 'impute_median': 0.6285229061492504, 'impute_knn': 0.6186243668163233, 'impute_mice': 0.624356940248183, 'impute_soft': 0.6190409386509867, 'impute_random': 0.612753279111167, 'impute_linear_and_logistic': 0.6237225658828544}]
german,lr,[{'no_impute': 0.6281400261158201, 'impute_standard': 0.6268917285304858, 'impute_mean': 0.624060036221679, 'impute_std': 0.6328842486926028, 'impute_mode': 0.6222722655239156, 'impute_median': 0.625732962871974, 'impute_knn': 0.6197938637984255, 'impute_mice': 0.6159165235232399, 'impute_soft': 0.6165257247831382, 'impute_random': 0.6166419523944228, 'impute_linear_and_logistic': 0.6212900516235853}, {'no_impute': 0.6384721112023524, 'impute_standard': 0.6292278818545279, 'impute_mean': 0.6358866247925444, 'impute_std': 0.6350147635996441, 'impute_mode': 0.6360128795851251, 'impute_median': 0.6379267048836864, 'impute_knn': 0.626747676825889, 'impute_mice': 0.6285279771245963, 'impute_soft': 0.6164624479992887, 'impute_random': 0.6308720095927661, 'impute_linear_and_logistic': 0.6268774665034356}, {'no_impute': 0.6467478034984474, 'impute_standard': 0.6409619514565595, 'impute_mean': 0.641255157231345, 'impute_std': 0.6451941099386642, 'impute_mode': 0.638535965279747, 'impute_median': 0.6419122915808196, 'impute_knn': 0.6386111256379057, 'impute_mice': 0.6402599698570377, 'impute_soft': 0.6266429564738494, 'impute_random': 0.6397209734014734, 'impute_linear_and_logistic': 0.6393830465933764}, {'no_impute': 0.652648583625582, 'impute_standard': 0.6505051499975764, 'impute_mean': 0.6474214879346336, 'impute_std': 0.6497634718477403, 'impute_mode': 0.6491508508327511, 'impute_median': 0.6481003567646133, 'impute_knn': 0.643032679313225, 'impute_mice': 0.6440157934820813, 'impute_soft': 0.6369487344567234, 'impute_random': 0.6461849417855159, 'impute_linear_and_logistic': 0.6390899174832294}, {'no_impute': 0.6507261788865231, 'impute_standard': 0.6493708041405243, 'impute_mean': 0.64593672836508, 'impute_std': 0.6478279116997593, 'impute_mode': 0.6492999407220459, 'impute_median': 0.6472403902103836, 'impute_knn': 0.6416925448531617, 'impute_mice': 0.6449068688337528, 'impute_soft': 0.6448649214960654, 'impute_random': 0.6435303178105302, 'impute_linear_and_logistic': 0.6438575655875547}]
german,knn,[{'no_impute': 0.6275302794656903, 'impute_standard': 0.617428352551302, 'impute_mean': 0.6264291338581642, 'impute_std': 0.6272487778009952, 'impute_mode': 0.6249289197032386, 'impute_median': 0.6239786803694127, 'impute_knn': 0.6338427063573422, 'impute_mice': 0.6306450641492, 'impute_soft': 0.6261232203066762, 'impute_random': 0.6226711195872413, 'impute_linear_and_logistic': 0.6267366522732805}, {'no_impute': 0.6263175483899261, 'impute_standard': 0.6301562421969712, 'impute_mean': 0.6269502281481029, 'impute_std': 0.6319604908203486, 'impute_mode': 0.6423441607961538, 'impute_median': 0.6300838070364193, 'impute_knn': 0.6207264102555582, 'impute_mice': 0.6263845944060114, 'impute_soft': 0.6321583558425458, 'impute_random': 0.617408712985877, 'impute_linear_and_logistic': 0.635659167252518}, {'no_impute': 0.6370874417736097, 'impute_standard': 0.6346053799999343, 'impute_mean': 0.6444886558861903, 'impute_std': 0.6411288671563876, 'impute_mode': 0.6308010778036637, 'impute_median': 0.6352116352846157, 'impute_knn': 0.6248637763628508, 'impute_mice': 0.6340271473452315, 'impute_soft': 0.6281930532598434, 'impute_random': 0.6368488611950666, 'impute_linear_and_logistic': 0.6344009417120561}, {'no_impute': 0.6456479579641796, 'impute_standard': 0.6426908255770312, 'impute_mean': 0.6436705018559686, 'impute_std': 0.6422470338621277, 'impute_mode': 0.6431875821937141, 'impute_median': 0.6455636925135647, 'impute_knn': 0.6405207882321107, 'impute_mice': 0.6462934964027798, 'impute_soft': 0.6325268160491437, 'impute_random': 0.6390315088071572, 'impute_linear_and_logistic': 0.6378295526581895}, {'no_impute': 0.6584011961120791, 'impute_standard': 0.6492622843527093, 'impute_mean': 0.6500128015910455, 'impute_std': 0.6512823246492898, 'impute_mode': 0.6472016433914523, 'impute_median': 0.6534070659379584, 'impute_knn': 0.6489981396011045, 'impute_mice': 0.651772518532225, 'impute_soft': 0.6482544421134289, 'impute_random': 0.6512621306040698, 'impute_linear_and_logistic': 0.6502550402360765}]
german,nb,[{'no_impute': 0.4827306706729365, 'impute_standard': 0.4822957261433066, 'impute_mean': 0.4795406420297246, 'impute_std': 0.4807808019151769, 'impute_mode': 0.4795803203333407, 'impute_median': 0.48063928330510486, 'impute_knn': 0.6609721966478392, 'impute_mice': 0.6536954529186342, 'impute_soft': 0.6548858554421269, 'impute_random': 0.5764488894639869, 'impute_linear_and_logistic': 0.6601150345813696}, {'no_impute': 0.5634346221063815, 'impute_standard': 0.5586334287411402, 'impute_mean': 0.5618452177054973, 'impute_std': 0.5635323915352052, 'impute_mode': 0.5606816522523704, 'impute_median': 0.5623616530700507, 'impute_knn': 0.6605835604897392, 'impute_mice': 0.656145110971942, 'impute_soft': 0.6634527992720456, 'impute_random': 0.5889719785883034, 'impute_linear_and_logistic': 0.66247226045312}, {'no_impute': 0.5965231133727584, 'impute_standard': 0.595841110767942, 'impute_mean': 0.5986651880573759, 'impute_std': 0.6020276682041361, 'impute_mode': 0.5987777750209254, 'impute_median': 0.5985572166650227, 'impute_knn': 0.669114011200832, 'impute_mice': 0.6724563771163932, 'impute_soft': 0.6674497868552522, 'impute_random': 0.5862699034153513, 'impute_linear_and_logistic': 0.6706847414582312}, {'no_impute': 0.6335112646001488, 'impute_standard': 0.6296715988614594, 'impute_mean': 0.6335199799653748, 'impute_std': 0.6350405333127568, 'impute_mode': 0.6315004150760293, 'impute_median': 0.6337942792629752, 'impute_knn': 0.6723499108902784, 'impute_mice': 0.6721900286600491, 'impute_soft': 0.6736836233731414, 'impute_random': 0.6315269949622626, 'impute_linear_and_logistic': 0.6721551179840042}, {'no_impute': 0.6476919972415225, 'impute_standard': 0.6462680436416092, 'impute_mean': 0.6542443980598454, 'impute_std': 0.6541939066895198, 'impute_mode': 0.6531340341831887, 'impute_median': 0.6539619834777827, 'impute_knn': 0.6749769062137585, 'impute_mice': 0.6783577273311998, 'impute_soft': 0.6776897559356596, 'impute_random': 0.6464844375100836, 'impute_linear_and_logistic': 0.6774614912978044}]
adult,dt,[{'no_impute': 0.7349352215000237, 'impute_standard': 0.7366009791833362, 'impute_mean': 0.7394159873470173, 'impute_std': 0.720979193593251, 'impute_mode': 0.73790886073455, 'impute_median': 0.7412260790637107, 'impute_knn': 0.7157798625320478, 'impute_mice': 0.7221495731667739, 'impute_soft': 0.7202885866408312, 'impute_random': 0.685378353908657, 'impute_linear_and_logistic': 0.7243806484713735}, {'no_impute': 0.746443051488199, 'impute_standard': 0.7485552659887705, 'impute_mean': 0.7503999302829899, 'impute_std': 0.7418494800865245, 'impute_mode': 0.7511170343003439, 'impute_median': 0.7516309091517682, 'impute_knn': 0.7325167529080816, 'impute_mice': 0.7361918733566363, 'impute_soft': 0.7278736364255146, 'impute_random': 0.7057079579242295, 'impute_linear_and_logistic': 0.7421423642310855}, {'no_impute': 0.761882361749948, 'impute_standard': 0.75995721995757, 'impute_mean': 0.7653026442830853, 'impute_std': 0.7547269215008511, 'impute_mode': 0.7643509667835493, 'impute_median': 0.7682927727759412, 'impute_knn': 0.7528321507370999, 'impute_mice': 0.7551616073958147, 'impute_soft': 0.741958538138234, 'impute_random': 0.7333819678209675, 'impute_linear_and_logistic': 0.7504082670304698}, {'no_impute': 0.7681960723110473, 'impute_standard': 0.7711436770757336, 'impute_mean': 0.773848638920389, 'impute_std': 0.7618887086788133, 'impute_mode': 0.7739633444300099, 'impute_median': 0.7774996940882134, 'impute_knn': 0.7571380481247914, 'impute_mice': 0.7664332363822415, 'impute_soft': 0.7527433796123655, 'impute_random': 0.7561774226832385, 'impute_linear_and_logistic': 0.764106304180804}, {'no_impute': 0.7827215341484391, 'impute_standard': 0.7804182810201366, 'impute_mean': 0.7880093454195188, 'impute_std': 0.7726653245858288, 'impute_mode': 0.7851348514922163, 'impute_median': 0.7867687803055828, 'impute_knn': 0.7762798111680256, 'impute_mice': 0.7779613995643596, 'impute_soft': 0.7723375100651737, 'impute_random': 0.7749764540305585, 'impute_linear_and_logistic': 0.772653746811768}]
adult,lr,[{'no_impute': 0.7923779924735976, 'impute_standard': 0.780543807248381, 'impute_mean': 0.7880407695088631, 'impute_std': 0.7659942095271077, 'impute_mode': 0.7840525194124273, 'impute_median': 0.7844376103987303, 'impute_knn': 0.7495432485882374, 'impute_mice': 0.7521762251115094, 'impute_soft': 0.7204840953008995, 'impute_random': 0.7399656449631502, 'impute_linear_and_logistic': 0.7561341165274988}, {'no_impute': 0.8039835848654949, 'impute_standard': 0.7880394368097715, 'impute_mean': 0.7956252922715376, 'impute_std': 0.778067941839373, 'impute_mode': 0.795335902095352, 'impute_median': 0.7947650790625556, 'impute_knn': 0.7611786412319729, 'impute_mice': 0.7661308279959902, 'impute_soft': 0.732800425193078, 'impute_random': 0.7639214602525124, 'impute_linear_and_logistic': 0.7669330617456735}, {'no_impute': 0.8174900141495025, 'impute_standard': 0.805836680405058, 'impute_mean': 0.8149099701869067, 'impute_std': 0.7963222444603949, 'impute_mode': 0.8119321036912653, 'impute_median': 0.8123806679985806, 'impute_knn': 0.7853980158530415, 'impute_mice': 0.7894934746124063, 'impute_soft': 0.7506331497576845, 'impute_random': 0.7870004866171288, 'impute_linear_and_logistic': 0.7866236782657021}, {'no_impute': 0.823355552321037, 'impute_standard': 0.8125911648611096, 'impute_mean': 0.8211038188514905, 'impute_std': 0.8043642312736166, 'impute_mode': 0.8202923263810434, 'impute_median': 0.8214860107464218, 'impute_knn': 0.7963473589981437, 'impute_mice': 0.8003813183468046, 'impute_soft': 0.7713053838841081, 'impute_random': 0.7984778222167166, 'impute_linear_and_logistic': 0.7973399267219328}, {'no_impute': 0.8282257719414594, 'impute_standard': 0.8229876191944898, 'impute_mean': 0.8277692104996263, 'impute_std': 0.8160793341625977, 'impute_mode': 0.8261606406028468, 'impute_median': 0.8281200710423696, 'impute_knn': 0.8040974241929797, 'impute_mice': 0.8071206597677483, 'impute_soft': 0.7918509856598392, 'impute_random': 0.8164759464387893, 'impute_linear_and_logistic': 0.8045786532022817}]
adult,knn,[{'no_impute': 0.7404743493457404, 'impute_standard': 0.7237480247997213, 'impute_mean': 0.755196874948682, 'impute_std': 0.7213639508210581, 'impute_mode': 0.7459514342885993, 'impute_median': 0.7507989114468607, 'impute_knn': 0.7431150192846435, 'impute_mice': 0.7430252739666071, 'impute_soft': 0.7104325825593106, 'impute_random': 0.7170996227004124, 'impute_linear_and_logistic': 0.7500550532187953}, {'no_impute': 0.7609866794464643, 'impute_standard': 0.7351226891837326, 'impute_mean': 0.7668184838556865, 'impute_std': 0.740000995080073, 'impute_mode': 0.7672952286535079, 'impute_median': 0.7661896033740329, 'impute_knn': 0.7545902044905366, 'impute_mice': 0.7689129849031215, 'impute_soft': 0.7252545088815318, 'impute_random': 0.7405720817309598, 'impute_linear_and_logistic': 0.7650980574877415}, {'no_impute': 0.7774266863140937, 'impute_standard': 0.7544881585299135, 'impute_mean': 0.7830487780178177, 'impute_std': 0.7562146127598233, 'impute_mode': 0.7805300484012399, 'impute_median': 0.778880456187966, 'impute_knn': 0.7687028915328689, 'impute_mice': 0.7729558973250057, 'impute_soft': 0.7423277411403374, 'impute_random': 0.759886864477652, 'impute_linear_and_logistic': 0.7723796046032938}, {'no_impute': 0.794865115823714, 'impute_standard': 0.7784819986980795, 'impute_mean': 0.7951732638558247, 'impute_std': 0.7813683446498659, 'impute_mode': 0.7934269178127995, 'impute_median': 0.7959254418616433, 'impute_knn': 0.780311800316916, 'impute_mice': 0.7875044266444213, 'impute_soft': 0.7625973732087196, 'impute_random': 0.7786595977267718, 'impute_linear_and_logistic': 0.7798924335965467}, {'no_impute': 0.7985183831909396, 'impute_standard': 0.7902418766461523, 'impute_mean': 0.7999644308244203, 'impute_std': 0.7918746535329372, 'impute_mode': 0.7991257980299984, 'impute_median': 0.7980779421537447, 'impute_knn': 0.7873884809419524, 'impute_mice': 0.7910062723063196, 'impute_soft': 0.7856236827418651, 'impute_random': 0.7960194776594564, 'impute_linear_and_logistic': 0.7903255426059427}]
adult,nb,[{'no_impute': 0.25063997858246995, 'impute_standard': 0.25516391745076794, 'impute_mean': 0.2598418448907398, 'impute_std': 0.25618512535023436, 'impute_mode': 0.26025345408774225, 'impute_median': 0.26017971518160554, 'impute_knn': 0.7386845172776408, 'impute_mice': 0.7346854621445981, 'impute_soft': 0.7109862213883614, 'impute_random': 0.16998247341596484, 'impute_linear_and_logistic': 0.7365728167007721}, {'no_impute': 0.2630520203550819, 'impute_standard': 0.265568504976845, 'impute_mean': 0.2693448856571905, 'impute_std': 0.2668424441184666, 'impute_mode': 0.270353156811807, 'impute_median': 0.2700378053781072, 'impute_knn': 0.7539615798100681, 'impute_mice': 0.7422358955943906, 'impute_soft': 0.7233734275007115, 'impute_random': 0.1753161634094631, 'impute_linear_and_logistic': 0.7542262943574249}, {'no_impute': 0.23942815024696096, 'impute_standard': 0.2418369891889375, 'impute_mean': 0.24609882558609036, 'impute_std': 0.24385072818881015, 'impute_mode': 0.2458572822851262, 'impute_median': 0.24616515294288685, 'impute_knn': 0.7607468762764664, 'impute_mice': 0.7516953344328539, 'impute_soft': 0.7322979409133815, 'impute_random': 0.17927287009364792, 'impute_linear_and_logistic': 0.7618730614595923}, {'no_impute': 0.22702607341057396, 'impute_standard': 0.22790341859694305, 'impute_mean': 0.23059712467860644, 'impute_std': 0.22753269206741883, 'impute_mode': 0.23141572604117022, 'impute_median': 0.2309967152789647, 'impute_knn': 0.7728513110727063, 'impute_mice': 0.7606247536263293, 'impute_soft': 0.7435855424124881, 'impute_random': 0.19102433619070402, 'impute_linear_and_logistic': 0.7720396150540993}, {'no_impute': 0.22616939095161118, 'impute_standard': 0.22606631818171655, 'impute_mean': 0.22951511526422208, 'impute_std': 0.22613881923032295, 'impute_mode': 0.22958438696919703, 'impute_median': 0.22959390420626025, 'impute_knn': 0.7772849453410262, 'impute_mice': 0.7640356978386268, 'impute_soft': 0.7512182780972069, 'impute_random': 0.19755518801148692, 'impute_linear_and_logistic': 0.7721182856221085}]
soybean,dt,[{'no_impute': 0.354687672339031, 'impute_standard': 0.3523042436400662, 'impute_mean': 0.40597587055228845, 'impute_std': 0.4106368268330985, 'impute_mode': 0.4017811243262924, 'impute_median': 0.41249208089150013, 'impute_knn': 0.41989029480533807, 'impute_mice': 0.46389491212744083, 'impute_soft': 0.4465680835749973, 'impute_random': 0.2405215930332041, 'impute_linear_and_logistic': 0.35524374183528123}, {'no_impute': 0.42246605264933, 'impute_standard': 0.41260993913547706, 'impute_mean': 0.48289318663594594, 'impute_std': 0.4796202876182256, 'impute_mode': 0.48863781382466154, 'impute_median': 0.4860583023125241, 'impute_knn': 0.5676668841459331, 'impute_mice': 0.5666279102198907, 'impute_soft': 0.5175377509014212, 'impute_random': 0.32758079701707504, 'impute_linear_and_logistic': 0.4715953603223508}, {'no_impute': 0.4962926235385062, 'impute_standard': 0.48832045979801014, 'impute_mean': 0.5602734113678068, 'impute_std': 0.5641309925735638, 'impute_mode': 0.5689848243783977, 'impute_median': 0.5741333975519403, 'impute_knn': 0.6528172923268336, 'impute_mice': 0.6398809290107351, 'impute_soft': 0.6052172669689942, 'impute_random': 0.4336902556219992, 'impute_linear_and_logistic': 0.5870053585572079}, {'no_impute': 0.6066982327235072, 'impute_standard': 0.608220427245235, 'impute_mean': 0.6250311869040324, 'impute_std': 0.6414645419359848, 'impute_mode': 0.6383810827615044, 'impute_median': 0.6301703633823245, 'impute_knn': 0.7151603948499743, 'impute_mice': 0.6866109308574447, 'impute_soft': 0.679730518354782, 'impute_random': 0.5581124356835259, 'impute_linear_and_logistic': 0.6916687965259315}, {'no_impute': 0.6911527364738564, 'impute_standard': 0.6979589964844702, 'impute_mean': 0.7486463594148577, 'impute_std': 0.7475556712368826, 'impute_mode': 0.7375279659728047, 'impute_median': 0.7493173591708802, 'impute_knn': 0.7685998346869478, 'impute_mice': 0.7659937500495091, 'impute_soft': 0.7548751267733361, 'impute_random': 0.6953160956836861, 'impute_linear_and_logistic': 0.7699539877025982}]
soybean,lr,[{'no_impute': 0.4028755325830288, 'impute_standard': 0.4028755325830288, 'impute_mean': 0.5568636586407107, 'impute_std': 0.5568636586407107, 'impute_mode': 0.5568636586407107, 'impute_median': 0.5568636586407107, 'impute_knn': 0.6107374370599319, 'impute_mice': 0.6099540082750491, 'impute_soft': 0.5998625588153998, 'impute_random': 0.3859316085045954, 'impute_linear_and_logistic': 0.4850556560954159}, {'no_impute': 0.5251900853426752, 'impute_standard': 0.5251900853426752, 'impute_mean': 0.6702443087908775, 'impute_std': 0.6702443087908775, 'impute_mode': 0.6702443087908775, 'impute_median': 0.6702443087908775, 'impute_knn': 0.7179614931125204, 'impute_mice': 0.7287493658578609, 'impute_soft': 0.7054678800447365, 'impute_random': 0.5255939059390861, 'impute_linear_and_logistic': 0.6040711933713391}, {'no_impute': 0.6286066752323278, 'impute_standard': 0.6286066752323278, 'impute_mean': 0.7229485579639384, 'impute_std': 0.7229485579639384, 'impute_mode': 0.7229485579639384, 'impute_median': 0.7229485579639384, 'impute_knn': 0.7645766415699938, 'impute_mice': 0.7460926325282822, 'impute_soft': 0.7480660844662568, 'impute_random': 0.6403914836746245, 'impute_linear_and_logistic': 0.6721577367841114}, {'no_impute': 0.7333599897736912, 'impute_standard': 0.7333599897736912, 'impute_mean': 0.807338987709132, 'impute_std': 0.807338987709132, 'impute_mode': 0.807338987709132, 'impute_median': 0.807338987709132, 'impute_knn': 0.8250880190146236, 'impute_mice': 0.8095663603230105, 'impute_soft': 0.8065897209363516, 'impute_random': 0.7645717551575203, 'impute_linear_and_logistic': 0.7544175832672803}, {'no_impute': 0.8400369540720751, 'impute_standard': 0.8400369540720751, 'impute_mean': 0.8589822142855797, 'impute_std': 0.8589822142855797, 'impute_mode': 0.8589822142855797, 'impute_median': 0.8589822142855797, 'impute_knn': 0.8516880289000733, 'impute_mice': 0.8578140255317313, 'impute_soft': 0.8495832441738653, 'impute_random': 0.8590345008205053, 'impute_linear_and_logistic': 0.8419030691546685}]
soybean,knn,[{'no_impute': 0.25582231710036807, 'impute_standard': 0.25582231710036807, 'impute_mean': 0.3168643664225038, 'impute_std': 0.3168643664225038, 'impute_mode': 0.3168643664225038, 'impute_median': 0.3168643664225038, 'impute_knn': 0.5243985502172488, 'impute_mice': 0.5280916014299295, 'impute_soft': 0.49501578762311965, 'impute_random': 0.2815080391466501, 'impute_linear_and_logistic': 0.39206818559358336}, {'no_impute': 0.348652463055165, 'impute_standard': 0.348652463055165, 'impute_mean': 0.39980895101441494, 'impute_std': 0.39980895101441494, 'impute_mode': 0.39980895101441494, 'impute_median': 0.39980895101441494, 'impute_knn': 0.6416237378511301, 'impute_mice': 0.6537143827693601, 'impute_soft': 0.6380946881403189, 'impute_random': 0.38129490373270664, 'impute_linear_and_logistic': 0.5021836266548185}, {'no_impute': 0.4722783898444508, 'impute_standard': 0.4722783898444508, 'impute_mean': 0.5414339753658102, 'impute_std': 0.5414339753658102, 'impute_mode': 0.5414339753658102, 'impute_median': 0.5414339753658102, 'impute_knn': 0.6931833467611745, 'impute_mice': 0.7001084724741076, 'impute_soft': 0.6909864296787906, 'impute_random': 0.5213068436342118, 'impute_linear_and_logistic': 0.618440452578117}, {'no_impute': 0.5956005383259988, 'impute_standard': 0.5956005383259988, 'impute_mean': 0.6271912628340057, 'impute_std': 0.6271912628340057, 'impute_mode': 0.6271912628340057, 'impute_median': 0.6271912628340057, 'impute_knn': 0.7366586636465803, 'impute_mice': 0.7392396644102375, 'impute_soft': 0.732109738078909, 'impute_random': 0.6213577228095564, 'impute_linear_and_logistic': 0.6597968081510972}, {'no_impute': 0.7222159107166722, 'impute_standard': 0.7222159107166722, 'impute_mean': 0.7483200241723953, 'impute_std': 0.7483200241723953, 'impute_mode': 0.7483200241723953, 'impute_median': 0.7483200241723953, 'impute_knn': 0.7724295875585337, 'impute_mice': 0.7708296382302252, 'impute_soft': 0.766590810823841, 'impute_random': 0.7387240681438575, 'impute_linear_and_logistic': 0.7489131784991163}]
soybean,nb,[{'no_impute': 0.59305320503557, 'impute_standard': 0.59305320503557, 'impute_mean': 0.5477190081921371, 'impute_std': 0.5477190081921371, 'impute_mode': 0.5477190081921371, 'impute_median': 0.5477190081921371, 'impute_knn': 0.33974728939929394, 'impute_mice': 0.5274074332971783, 'impute_soft': 0.5234571119205305, 'impute_random': 0.14718494291194195, 'impute_linear_and_logistic': 0.33637449499629146}, {'no_impute': 0.6278721144950055, 'impute_standard': 0.6278721144950055, 'impute_mean': 0.6059706327770236, 'impute_std': 0.6059706327770236, 'impute_mode': 0.6059706327770236, 'impute_median': 0.6059706327770236, 'impute_knn': 0.4062764888680332, 'impute_mice': 0.4973452323681246, 'impute_soft': 0.4965782423044732, 'impute_random': 0.20883282434893174, 'impute_linear_and_logistic': 0.43812332777048213}, {'no_impute': 0.6198971993338426, 'impute_standard': 0.6198971993338426, 'impute_mean': 0.6597808756796624, 'impute_std': 0.6597808756796624, 'impute_mode': 0.6597808756796624, 'impute_median': 0.6597808756796624, 'impute_knn': 0.4266570443399876, 'impute_mice': 0.44751681214321115, 'impute_soft': 0.47227649044820114, 'impute_random': 0.28559611723842804, 'impute_linear_and_logistic': 0.5186562386811787}, {'no_impute': 0.6295689347434678, 'impute_standard': 0.6295689347434678, 'impute_mean': 0.7387426277063835, 'impute_std': 0.7387426277063835, 'impute_mode': 0.7387426277063835, 'impute_median': 0.7387426277063835, 'impute_knn': 0.5591642163084418, 'impute_mice': 0.4073066159917643, 'impute_soft': 0.42163712468978765, 'impute_random': 0.4357838455479163, 'impute_linear_and_logistic': 0.6656214277301815}, {'no_impute': 0.6367906469150766, 'impute_standard': 0.6367906469150766, 'impute_mean': 0.8177924728701329, 'impute_std': 0.8177924728701329, 'impute_mode': 0.8177924728701329, 'impute_median': 0.8177924728701329, 'impute_knn': 0.7017679385496386, 'impute_mice': 0.36818190552650776, 'impute_soft': 0.3541571720843896, 'impute_random': 0.6979403538784227, 'impute_linear_and_logistic': 0.7616723533057467}]
mushrooms,dt,[{'no_impute': 0.9384976167490632, 'impute_standard': 0.938876882850465, 'impute_mean': 0.9320707945662899, 'impute_std': 0.9323143949591259, 'impute_mode': 0.931902573975675, 'impute_median': 0.9318306660718216, 'impute_knn': 0.9064363714823109, 'impute_mice': 0.913303584675663, 'impute_soft': 0.9086179222582238, 'impute_random': 0.7698517756078723, 'impute_linear_and_logistic': 0.8915867070477583}, {'no_impute': 0.9640620670666336, 'impute_standard': 0.9627180008647538, 'impute_mean': 0.958792624446888, 'impute_std': 0.958239403025347, 'impute_mode': 0.958102257578197, 'impute_median': 0.9578275001381243, 'impute_knn': 0.9575186436628563, 'impute_mice': 0.9440870103209427, 'impute_soft': 0.9353571449474909, 'impute_random': 0.8428652110334877, 'impute_linear_and_logistic': 0.9351898626594161}, {'no_impute': 0.9752181881428796, 'impute_standard': 0.9756667723387091, 'impute_mean': 0.971421308045993, 'impute_std': 0.9727693889283378, 'impute_mode': 0.9715951401208519, 'impute_median': 0.972009889124993, 'impute_knn': 0.9848818987229806, 'impute_mice': 0.9607544405988476, 'impute_soft': 0.9563766148089587, 'impute_random': 0.8914249343464471, 'impute_linear_and_logistic': 0.9590680578155084}, {'no_impute': 0.9853289632542281, 'impute_standard': 0.9850184109698285, 'impute_mean': 0.9843282580071615, 'impute_std': 0.9851221048322297, 'impute_mode': 0.9845700849374152, 'impute_median': 0.9845705757380849, 'impute_knn': 0.9953743806108546, 'impute_mice': 0.973592929655122, 'impute_soft': 0.9720766458665123, 'impute_random': 0.9388081471718963, 'impute_linear_and_logistic': 0.9783934049018624}, {'no_impute': 0.9920255515761999, 'impute_standard': 0.9925433271948008, 'impute_mean': 0.9921290577001621, 'impute_std': 0.9912660547468383, 'impute_mode': 0.9914389555991769, 'impute_median': 0.9919220363394505, 'impute_knn': 0.9981359238648161, 'impute_mice': 0.9908176619991607, 'impute_soft': 0.9850543895176582, 'impute_random': 0.970797271092581, 'impute_linear_and_logistic': 0.9896445323074552}]
mushrooms,lr,[{'no_impute': 0.9484681712915679, 'impute_standard': 0.9484681712915679, 'impute_mean': 0.9350225397911779, 'impute_std': 0.9350225397911779, 'impute_mode': 0.9350225397911779, 'impute_median': 0.9350225397911779, 'impute_knn': 0.9012840596505576, 'impute_mice': 0.8733853207918794, 'impute_soft': 0.8663836218221197, 'impute_random': 0.8643265617199797, 'impute_linear_and_logistic': 0.8439784021074621}, {'no_impute': 0.9640541948284433, 'impute_standard': 0.9640541948284433, 'impute_mean': 0.9539221526624166, 'impute_std': 0.9539221526624166, 'impute_mode': 0.9539221526624166, 'impute_median': 0.9539221526624166, 'impute_knn': 0.926232779928946, 'impute_mice': 0.8935194961606954, 'impute_soft': 0.8862019533746395, 'impute_random': 0.9026673329724905, 'impute_linear_and_logistic': 0.8698484252253678}, {'no_impute': 0.9741371273590435, 'impute_standard': 0.9741371273590435, 'impute_mean': 0.9664301482423655, 'impute_std': 0.9664301482423655, 'impute_mode': 0.9664301482423655, 'impute_median': 0.9664301482423655, 'impute_knn': 0.942453852530573, 'impute_mice': 0.9143032007150959, 'impute_soft': 0.9024549236386977, 'impute_random': 0.9359247291788977, 'impute_linear_and_logistic': 0.8976499577386509}, {'no_impute': 0.9850166825458384, 'impute_standard': 0.9850166825458384, 'impute_mean': 0.979005890401134, 'impute_std': 0.979005890401134, 'impute_mode': 0.979005890401134, 'impute_median': 0.979005890401134, 'impute_knn': 0.9498417795300605, 'impute_mice': 0.9266713639337243, 'impute_soft': 0.9190723510608135, 'impute_random': 0.9639299030064136, 'impute_linear_and_logistic': 0.9181152305177285}, {'no_impute': 0.9925780499219714, 'impute_standard': 0.9925780499219714, 'impute_mean': 0.9878811255066711, 'impute_std': 0.9878811255066711, 'impute_mode': 0.9878811255066711, 'impute_median': 0.9878811255066711, 'impute_knn': 0.9493594156822953, 'impute_mice': 0.9380517176299913, 'impute_soft': 0.9293879299704872, 'impute_random': 0.9828781713530045, 'impute_linear_and_logistic': 0.9346396151485156}]
mushrooms,knn,[{'no_impute': 0.915618662769193, 'impute_standard': 0.915618662769193, 'impute_mean': 0.9177837191932363, 'impute_std': 0.9177837191932363, 'impute_mode': 0.9177837191932363, 'impute_median': 0.9177837191932363, 'impute_knn': 0.9467723993208537, 'impute_mice': 0.9315596844407288, 'impute_soft': 0.913188449588734, 'impute_random': 0.856850251178652, 'impute_linear_and_logistic': 0.8885990958545695}, {'no_impute': 0.950769501346902, 'impute_standard': 0.950769501346902, 'impute_mean': 0.9539817580715465, 'impute_std': 0.9539817580715465, 'impute_mode': 0.9539817580715465, 'impute_median': 0.9539817580715465, 'impute_knn': 0.9804624501475789, 'impute_mice': 0.9616838164536801, 'impute_soft': 0.9498216440193361, 'impute_random': 0.9216312966238266, 'impute_linear_and_logistic': 0.924381444851866}, {'no_impute': 0.978625817012078, 'impute_standard': 0.978625817012078, 'impute_mean': 0.975753632310203, 'impute_std': 0.975753632310203, 'impute_mode': 0.975753632310203, 'impute_median': 0.975753632310203, 'impute_knn': 0.9940273613701194, 'impute_mice': 0.9746310596401037, 'impute_soft': 0.9726627984076797, 'impute_random': 0.9674331548415183, 'impute_linear_and_logistic': 0.9533384509606483}, {'no_impute': 0.9930953736178229, 'impute_standard': 0.9930953736178229, 'impute_mean': 0.9920924967841244, 'impute_std': 0.9920924967841244, 'impute_mode': 0.9920924967841244, 'impute_median': 0.9920924967841244, 'impute_knn': 0.9973762111960797, 'impute_mice': 0.9865031173988309, 'impute_soft': 0.9864339230203198, 'impute_random': 0.9897811399203917, 'impute_linear_and_logistic': 0.9778752984833905}, {'no_impute': 0.9994821824994821, 'impute_standard': 0.9994821824994821, 'impute_mean': 0.9981012088288262, 'impute_std': 0.9981012088288262, 'impute_mode': 0.9981012088288262, 'impute_median': 0.9981012088288262, 'impute_knn': 0.9986536012764484, 'impute_mice': 0.9952018109416295, 'impute_soft': 0.9937174748987059, 'impute_random': 0.99855009143948, 'impute_linear_and_logistic': 0.9913709835329396}]
mushrooms,nb,[{'no_impute': 0.8740486258106703, 'impute_standard': 0.8740486258106703, 'impute_mean': 0.7978372888961245, 'impute_std': 0.7978372888961245, 'impute_mode': 0.7978372888961245, 'impute_median': 0.7978372888961245, 'impute_knn': 0.8632413762339658, 'impute_mice': 0.8434101223740063, 'impute_soft': 0.8635471743052835, 'impute_random': 0.7350971904722241, 'impute_linear_and_logistic': 0.737891492318}, {'no_impute': 0.9099169678709291, 'impute_standard': 0.9099169678709291, 'impute_mean': 0.8332750558406433, 'impute_std': 0.8332750558406433, 'impute_mode': 0.8332750558406433, 'impute_median': 0.8332750558406433, 'impute_knn': 0.8847221821165698, 'impute_mice': 0.8661056626379695, 'impute_soft': 0.8832107967176717, 'impute_random': 0.7936279407810507, 'impute_linear_and_logistic': 0.7992738013104416}, {'no_impute': 0.9205625289924674, 'impute_standard': 0.9205625289924674, 'impute_mean': 0.8500235378354957, 'impute_std': 0.8500235378354957, 'impute_mode': 0.8500235378354957, 'impute_median': 0.8500235378354957, 'impute_knn': 0.8911081207496565, 'impute_mice': 0.8799330212487837, 'impute_soft': 0.8912535577033932, 'impute_random': 0.8701402804143771, 'impute_linear_and_logistic': 0.8353314514105661}, {'no_impute': 0.9429777944964477, 'impute_standard': 0.9429777944964477, 'impute_mean': 0.8730768851764026, 'impute_std': 0.8730768851764026, 'impute_mode': 0.8730768851764026, 'impute_median': 0.8730768851764026, 'impute_knn': 0.8936330581045933, 'impute_mice': 0.8882898813738871, 'impute_soft': 0.8983795851343854, 'impute_random': 0.8910901195944287, 'impute_linear_and_logistic': 0.8650447909805355}, {'no_impute': 0.9589120860758684, 'impute_standard': 0.9589120860758684, 'impute_mean': 0.8933597912584951, 'impute_std': 0.8933597912584951, 'impute_mode': 0.8933597912584951, 'impute_median': 0.8933597912584951, 'impute_knn': 0.8906904691335112, 'impute_mice': 0.8881478883059145, 'impute_soft': 0.8926961168488191, 'impute_random': 0.952858928288833, 'impute_linear_and_logistic': 0.8781883331002566}]
