name,n_tuples,n_attributes,p_num_var,p_cat_var,p_duplicates,total_size,p_avg_distinct,p_max_distinct,p_min_distinct,avg_density,max_density,min_density,avg_entropy,max_entropy,min_entropy,p_correlated_features,max_pearson,min_pearson,%missing,ML_ALGORITHM,BEST_METHOD
iris,150,5,1.0,0.0,0.02,6128,0.168,0.2867,0.02,0.0351,0.0644,0.0,2.7058,3.4892,1.0986,0.8,0.9628,-0.4205,0.4002,dt,impute_standard
iris,150,5,1.0,0.0,0.02,6128,0.168,0.2867,0.02,0.0351,0.0644,0.0,2.7058,3.4892,1.0986,0.8,0.9628,-0.4205,0.3192,dt,impute_standard
iris,150,5,1.0,0.0,0.02,6128,0.168,0.2867,0.02,0.0351,0.0644,0.0,2.7058,3.4892,1.0986,0.8,0.9628,-0.4205,0.2395,dt,impute_mice
iris,150,5,1.0,0.0,0.02,6128,0.168,0.2867,0.02,0.0351,0.0644,0.0,2.7058,3.4892,1.0986,0.8,0.9628,-0.4205,0.1682,dt,impute_soft
iris,150,5,1.0,0.0,0.02,6128,0.168,0.2867,0.02,0.0351,0.0644,0.0,2.7058,3.4892,1.0986,0.8,0.9628,-0.4205,0.0782,dt,impute_soft
iris,150,5,1.0,0.0,0.02,6128,0.168,0.2867,0.02,0.0351,0.0644,0.0,2.7058,3.4892,1.0986,0.8,0.9628,-0.4205,0.4002,lr,impute_mice
iris,150,5,1.0,0.0,0.02,6128,0.168,0.2867,0.02,0.0351,0.0644,0.0,2.7058,3.4892,1.0986,0.8,0.9628,-0.4205,0.3192,lr,impute_mice
iris,150,5,1.0,0.0,0.02,6128,0.168,0.2867,0.02,0.0351,0.0644,0.0,2.7058,3.4892,1.0986,0.8,0.9628,-0.4205,0.2395,lr,impute_mice
iris,150,5,1.0,0.0,0.02,6128,0.168,0.2867,0.02,0.0351,0.0644,0.0,2.7058,3.4892,1.0986,0.8,0.9628,-0.4205,0.1682,lr,impute_mice
iris,150,5,1.0,0.0,0.02,6128,0.168,0.2867,0.02,0.0351,0.0644,0.0,2.7058,3.4892,1.0986,0.8,0.9628,-0.4205,0.0782,lr,impute_soft
iris,150,5,1.0,0.0,0.02,6128,0.168,0.2867,0.02,0.0351,0.0644,0.0,2.7058,3.4892,1.0986,0.8,0.9628,-0.4205,0.4002,knn,impute_mice
iris,150,5,1.0,0.0,0.02,6128,0.168,0.2867,0.02,0.0351,0.0644,0.0,2.7058,3.4892,1.0986,0.8,0.9628,-0.4205,0.3192,knn,impute_mice
iris,150,5,1.0,0.0,0.02,6128,0.168,0.2867,0.02,0.0351,0.0644,0.0,2.7058,3.4892,1.0986,0.8,0.9628,-0.4205,0.2395,knn,impute_mice
iris,150,5,1.0,0.0,0.02,6128,0.168,0.2867,0.02,0.0351,0.0644,0.0,2.7058,3.4892,1.0986,0.8,0.9628,-0.4205,0.1682,knn,impute_soft
iris,150,5,1.0,0.0,0.02,6128,0.168,0.2867,0.02,0.0351,0.0644,0.0,2.7058,3.4892,1.0986,0.8,0.9628,-0.4205,0.0782,knn,impute_linear_and_logistic
iris,150,5,1.0,0.0,0.02,6128,0.168,0.2867,0.02,0.0351,0.0644,0.0,2.7058,3.4892,1.0986,0.8,0.9628,-0.4205,0.4002,nb,impute_mice
iris,150,5,1.0,0.0,0.02,6128,0.168,0.2867,0.02,0.0351,0.0644,0.0,2.7058,3.4892,1.0986,0.8,0.9628,-0.4205,0.3192,nb,impute_mice
iris,150,5,1.0,0.0,0.02,6128,0.168,0.2867,0.02,0.0351,0.0644,0.0,2.7058,3.4892,1.0986,0.8,0.9628,-0.4205,0.2395,nb,impute_mice
iris,150,5,1.0,0.0,0.02,6128,0.168,0.2867,0.02,0.0351,0.0644,0.0,2.7058,3.4892,1.0986,0.8,0.9628,-0.4205,0.1682,nb,impute_mice
iris,150,5,1.0,0.0,0.02,6128,0.168,0.2867,0.02,0.0351,0.0644,0.0,2.7058,3.4892,1.0986,0.8,0.9628,-0.4205,0.0782,nb,impute_mice
cancer,683,10,1.0,0.0,0.3426,54768,0.0133,0.0146,0.0029,1.9827,11.2555,0.7482,1.4739,2.1138,0.6474,0.9,0.9072,0.3392,0.4506,dt,impute_mice
cancer,683,10,1.0,0.0,0.3426,54768,0.0133,0.0146,0.0029,1.9827,11.2555,0.7482,1.4739,2.1138,0.6474,0.9,0.9072,0.3392,0.3638,dt,impute_soft
cancer,683,10,1.0,0.0,0.3426,54768,0.0133,0.0146,0.0029,1.9827,11.2555,0.7482,1.4739,2.1138,0.6474,0.9,0.9072,0.3392,0.268,dt,impute_soft
cancer,683,10,1.0,0.0,0.3426,54768,0.0133,0.0146,0.0029,1.9827,11.2555,0.7482,1.4739,2.1138,0.6474,0.9,0.9072,0.3392,0.1822,dt,impute_knn
cancer,683,10,1.0,0.0,0.3426,54768,0.0133,0.0146,0.0029,1.9827,11.2555,0.7482,1.4739,2.1138,0.6474,0.9,0.9072,0.3392,0.0915,dt,impute_knn
cancer,683,10,1.0,0.0,0.3426,54768,0.0133,0.0146,0.0029,1.9827,11.2555,0.7482,1.4739,2.1138,0.6474,0.9,0.9072,0.3392,0.4506,lr,impute_mean
cancer,683,10,1.0,0.0,0.3426,54768,0.0133,0.0146,0.0029,1.9827,11.2555,0.7482,1.4739,2.1138,0.6474,0.9,0.9072,0.3392,0.3638,lr,impute_mean
cancer,683,10,1.0,0.0,0.3426,54768,0.0133,0.0146,0.0029,1.9827,11.2555,0.7482,1.4739,2.1138,0.6474,0.9,0.9072,0.3392,0.268,lr,impute_soft
cancer,683,10,1.0,0.0,0.3426,54768,0.0133,0.0146,0.0029,1.9827,11.2555,0.7482,1.4739,2.1138,0.6474,0.9,0.9072,0.3392,0.1822,lr,impute_mice
cancer,683,10,1.0,0.0,0.3426,54768,0.0133,0.0146,0.0029,1.9827,11.2555,0.7482,1.4739,2.1138,0.6474,0.9,0.9072,0.3392,0.0915,lr,impute_mice
cancer,683,10,1.0,0.0,0.3426,54768,0.0133,0.0146,0.0029,1.9827,11.2555,0.7482,1.4739,2.1138,0.6474,0.9,0.9072,0.3392,0.4506,knn,impute_mice
cancer,683,10,1.0,0.0,0.3426,54768,0.0133,0.0146,0.0029,1.9827,11.2555,0.7482,1.4739,2.1138,0.6474,0.9,0.9072,0.3392,0.3638,knn,impute_soft
cancer,683,10,1.0,0.0,0.3426,54768,0.0133,0.0146,0.0029,1.9827,11.2555,0.7482,1.4739,2.1138,0.6474,0.9,0.9072,0.3392,0.268,knn,impute_soft
cancer,683,10,1.0,0.0,0.3426,54768,0.0133,0.0146,0.0029,1.9827,11.2555,0.7482,1.4739,2.1138,0.6474,0.9,0.9072,0.3392,0.1822,knn,impute_knn
cancer,683,10,1.0,0.0,0.3426,54768,0.0133,0.0146,0.0029,1.9827,11.2555,0.7482,1.4739,2.1138,0.6474,0.9,0.9072,0.3392,0.0915,knn,impute_mice
cancer,683,10,1.0,0.0,0.3426,54768,0.0133,0.0146,0.0029,1.9827,11.2555,0.7482,1.4739,2.1138,0.6474,0.9,0.9072,0.3392,0.4506,nb,impute_knn
cancer,683,10,1.0,0.0,0.3426,54768,0.0133,0.0146,0.0029,1.9827,11.2555,0.7482,1.4739,2.1138,0.6474,0.9,0.9072,0.3392,0.3638,nb,impute_knn
cancer,683,10,1.0,0.0,0.3426,54768,0.0133,0.0146,0.0029,1.9827,11.2555,0.7482,1.4739,2.1138,0.6474,0.9,0.9072,0.3392,0.268,nb,impute_soft
cancer,683,10,1.0,0.0,0.3426,54768,0.0133,0.0146,0.0029,1.9827,11.2555,0.7482,1.4739,2.1138,0.6474,0.9,0.9072,0.3392,0.1822,nb,impute_knn
cancer,683,10,1.0,0.0,0.3426,54768,0.0133,0.0146,0.0029,1.9827,11.2555,0.7482,1.4739,2.1138,0.6474,0.9,0.9072,0.3392,0.0915,nb,impute_knn
wine,1599,12,1.0,0.0,0.1501,153632,0.076,0.2727,0.0038,0.2745,3.1739,0.0004,3.8914,5.5149,1.1846,0.0,0.6717,-0.683,0.4583,dt,impute_mean
wine,1599,12,1.0,0.0,0.1501,153632,0.076,0.2727,0.0038,0.2745,3.1739,0.0004,3.8914,5.5149,1.1846,0.0,0.6717,-0.683,0.3685,dt,no_impute
wine,1599,12,1.0,0.0,0.1501,153632,0.076,0.2727,0.0038,0.2745,3.1739,0.0004,3.8914,5.5149,1.1846,0.0,0.6717,-0.683,0.2752,dt,impute_median
wine,1599,12,1.0,0.0,0.1501,153632,0.076,0.2727,0.0038,0.2745,3.1739,0.0004,3.8914,5.5149,1.1846,0.0,0.6717,-0.683,0.1849,dt,impute_mice
wine,1599,12,1.0,0.0,0.1501,153632,0.076,0.2727,0.0038,0.2745,3.1739,0.0004,3.8914,5.5149,1.1846,0.0,0.6717,-0.683,0.0918,dt,impute_knn
wine,1599,12,1.0,0.0,0.1501,153632,0.076,0.2727,0.0038,0.2745,3.1739,0.0004,3.8914,5.5149,1.1846,0.0,0.6717,-0.683,0.4583,lr,impute_mice
wine,1599,12,1.0,0.0,0.1501,153632,0.076,0.2727,0.0038,0.2745,3.1739,0.0004,3.8914,5.5149,1.1846,0.0,0.6717,-0.683,0.3685,lr,impute_mice
wine,1599,12,1.0,0.0,0.1501,153632,0.076,0.2727,0.0038,0.2745,3.1739,0.0004,3.8914,5.5149,1.1846,0.0,0.6717,-0.683,0.2752,lr,impute_mice
wine,1599,12,1.0,0.0,0.1501,153632,0.076,0.2727,0.0038,0.2745,3.1739,0.0004,3.8914,5.5149,1.1846,0.0,0.6717,-0.683,0.1849,lr,impute_knn
wine,1599,12,1.0,0.0,0.1501,153632,0.076,0.2727,0.0038,0.2745,3.1739,0.0004,3.8914,5.5149,1.1846,0.0,0.6717,-0.683,0.0918,lr,impute_linear_and_logistic
wine,1599,12,1.0,0.0,0.1501,153632,0.076,0.2727,0.0038,0.2745,3.1739,0.0004,3.8914,5.5149,1.1846,0.0,0.6717,-0.683,0.4583,knn,impute_knn
wine,1599,12,1.0,0.0,0.1501,153632,0.076,0.2727,0.0038,0.2745,3.1739,0.0004,3.8914,5.5149,1.1846,0.0,0.6717,-0.683,0.3685,knn,impute_linear_and_logistic
wine,1599,12,1.0,0.0,0.1501,153632,0.076,0.2727,0.0038,0.2745,3.1739,0.0004,3.8914,5.5149,1.1846,0.0,0.6717,-0.683,0.2752,knn,impute_mice
wine,1599,12,1.0,0.0,0.1501,153632,0.076,0.2727,0.0038,0.2745,3.1739,0.0004,3.8914,5.5149,1.1846,0.0,0.6717,-0.683,0.1849,knn,impute_mice
wine,1599,12,1.0,0.0,0.1501,153632,0.076,0.2727,0.0038,0.2745,3.1739,0.0004,3.8914,5.5149,1.1846,0.0,0.6717,-0.683,0.0918,knn,impute_linear_and_logistic
wine,1599,12,1.0,0.0,0.1501,153632,0.076,0.2727,0.0038,0.2745,3.1739,0.0004,3.8914,5.5149,1.1846,0.0,0.6717,-0.683,0.4583,nb,impute_knn
wine,1599,12,1.0,0.0,0.1501,153632,0.076,0.2727,0.0038,0.2745,3.1739,0.0004,3.8914,5.5149,1.1846,0.0,0.6717,-0.683,0.3685,nb,impute_mice
wine,1599,12,1.0,0.0,0.1501,153632,0.076,0.2727,0.0038,0.2745,3.1739,0.0004,3.8914,5.5149,1.1846,0.0,0.6717,-0.683,0.2752,nb,impute_mice
wine,1599,12,1.0,0.0,0.1501,153632,0.076,0.2727,0.0038,0.2745,3.1739,0.0004,3.8914,5.5149,1.1846,0.0,0.6717,-0.683,0.1849,nb,impute_knn
wine,1599,12,1.0,0.0,0.1501,153632,0.076,0.2727,0.0038,0.2745,3.1739,0.0004,3.8914,5.5149,1.1846,0.0,0.6717,-0.683,0.0918,nb,impute_linear_and_logistic
letter,2001,17,0.94,0.06,0.009,272264,0.0081,0.013,0.007,0.404,0.5453,0.0374,2.2084,3.2482,1.7939,0.3125,0.8516,-0.3953,0.4707,dt,impute_median
letter,2001,17,0.94,0.06,0.009,272264,0.0081,0.013,0.007,0.404,0.5453,0.0374,2.2084,3.2482,1.7939,0.3125,0.8516,-0.3953,0.3778,dt,impute_knn
letter,2001,17,0.94,0.06,0.009,272264,0.0081,0.013,0.007,0.404,0.5453,0.0374,2.2084,3.2482,1.7939,0.3125,0.8516,-0.3953,0.2831,dt,impute_knn
letter,2001,17,0.94,0.06,0.009,272264,0.0081,0.013,0.007,0.404,0.5453,0.0374,2.2084,3.2482,1.7939,0.3125,0.8516,-0.3953,0.1883,dt,impute_knn
letter,2001,17,0.94,0.06,0.009,272264,0.0081,0.013,0.007,0.404,0.5453,0.0374,2.2084,3.2482,1.7939,0.3125,0.8516,-0.3953,0.094,dt,impute_knn
letter,2001,17,0.94,0.06,0.009,272264,0.0081,0.013,0.007,0.404,0.5453,0.0374,2.2084,3.2482,1.7939,0.3125,0.8516,-0.3953,0.4707,lr,impute_mice
letter,2001,17,0.94,0.06,0.009,272264,0.0081,0.013,0.007,0.404,0.5453,0.0374,2.2084,3.2482,1.7939,0.3125,0.8516,-0.3953,0.3778,lr,impute_knn
letter,2001,17,0.94,0.06,0.009,272264,0.0081,0.013,0.007,0.404,0.5453,0.0374,2.2084,3.2482,1.7939,0.3125,0.8516,-0.3953,0.2831,lr,impute_knn
letter,2001,17,0.94,0.06,0.009,272264,0.0081,0.013,0.007,0.404,0.5453,0.0374,2.2084,3.2482,1.7939,0.3125,0.8516,-0.3953,0.1883,lr,impute_knn
letter,2001,17,0.94,0.06,0.009,272264,0.0081,0.013,0.007,0.404,0.5453,0.0374,2.2084,3.2482,1.7939,0.3125,0.8516,-0.3953,0.094,lr,impute_knn
letter,2001,17,0.94,0.06,0.009,272264,0.0081,0.013,0.007,0.404,0.5453,0.0374,2.2084,3.2482,1.7939,0.3125,0.8516,-0.3953,0.4707,knn,impute_mice
letter,2001,17,0.94,0.06,0.009,272264,0.0081,0.013,0.007,0.404,0.5453,0.0374,2.2084,3.2482,1.7939,0.3125,0.8516,-0.3953,0.3778,knn,impute_knn
letter,2001,17,0.94,0.06,0.009,272264,0.0081,0.013,0.007,0.404,0.5453,0.0374,2.2084,3.2482,1.7939,0.3125,0.8516,-0.3953,0.2831,knn,impute_knn
letter,2001,17,0.94,0.06,0.009,272264,0.0081,0.013,0.007,0.404,0.5453,0.0374,2.2084,3.2482,1.7939,0.3125,0.8516,-0.3953,0.1883,knn,impute_knn
letter,2001,17,0.94,0.06,0.009,272264,0.0081,0.013,0.007,0.404,0.5453,0.0374,2.2084,3.2482,1.7939,0.3125,0.8516,-0.3953,0.094,knn,impute_knn
letter,2001,17,0.94,0.06,0.009,272264,0.0081,0.013,0.007,0.404,0.5453,0.0374,2.2084,3.2482,1.7939,0.3125,0.8516,-0.3953,0.4707,nb,impute_knn
letter,2001,17,0.94,0.06,0.009,272264,0.0081,0.013,0.007,0.404,0.5453,0.0374,2.2084,3.2482,1.7939,0.3125,0.8516,-0.3953,0.3778,nb,impute_knn
letter,2001,17,0.94,0.06,0.009,272264,0.0081,0.013,0.007,0.404,0.5453,0.0374,2.2084,3.2482,1.7939,0.3125,0.8516,-0.3953,0.2831,nb,impute_knn
letter,2001,17,0.94,0.06,0.009,272264,0.0081,0.013,0.007,0.404,0.5453,0.0374,2.2084,3.2482,1.7939,0.3125,0.8516,-0.3953,0.1883,nb,impute_knn
letter,2001,17,0.94,0.06,0.009,272264,0.0081,0.013,0.007,0.404,0.5453,0.0374,2.2084,3.2482,1.7939,0.3125,0.8516,-0.3953,0.094,nb,impute_knn
car,1728,7,0.0,1.0,0.0,96896,0.0021,0.0023,0.0017,0.9712,6.7984,0.0,1.1844,1.3863,0.8358,nan,nan,nan,0.4298,dt,impute_soft
car,1728,7,0.0,1.0,0.0,96896,0.0021,0.0023,0.0017,0.9712,6.7984,0.0,1.1844,1.3863,0.8358,nan,nan,nan,0.3419,dt,no_impute
car,1728,7,0.0,1.0,0.0,96896,0.0021,0.0023,0.0017,0.9712,6.7984,0.0,1.1844,1.3863,0.8358,nan,nan,nan,0.258,dt,impute_standard
car,1728,7,0.0,1.0,0.0,96896,0.0021,0.0023,0.0017,0.9712,6.7984,0.0,1.1844,1.3863,0.8358,nan,nan,nan,0.1717,dt,impute_standard
car,1728,7,0.0,1.0,0.0,96896,0.0021,0.0023,0.0017,0.9712,6.7984,0.0,1.1844,1.3863,0.8358,nan,nan,nan,0.0865,dt,impute_soft
car,1728,7,0.0,1.0,0.0,96896,0.0021,0.0023,0.0017,0.9712,6.7984,0.0,1.1844,1.3863,0.8358,nan,nan,nan,0.4298,lr,no_impute
car,1728,7,0.0,1.0,0.0,96896,0.0021,0.0023,0.0017,0.9712,6.7984,0.0,1.1844,1.3863,0.8358,nan,nan,nan,0.3419,lr,no_impute
car,1728,7,0.0,1.0,0.0,96896,0.0021,0.0023,0.0017,0.9712,6.7984,0.0,1.1844,1.3863,0.8358,nan,nan,nan,0.258,lr,no_impute
car,1728,7,0.0,1.0,0.0,96896,0.0021,0.0023,0.0017,0.9712,6.7984,0.0,1.1844,1.3863,0.8358,nan,nan,nan,0.1717,lr,no_impute
car,1728,7,0.0,1.0,0.0,96896,0.0021,0.0023,0.0017,0.9712,6.7984,0.0,1.1844,1.3863,0.8358,nan,nan,nan,0.0865,lr,no_impute
car,1728,7,0.0,1.0,0.0,96896,0.0021,0.0023,0.0017,0.9712,6.7984,0.0,1.1844,1.3863,0.8358,nan,nan,nan,0.4298,knn,no_impute
car,1728,7,0.0,1.0,0.0,96896,0.0021,0.0023,0.0017,0.9712,6.7984,0.0,1.1844,1.3863,0.8358,nan,nan,nan,0.3419,knn,impute_soft
car,1728,7,0.0,1.0,0.0,96896,0.0021,0.0023,0.0017,0.9712,6.7984,0.0,1.1844,1.3863,0.8358,nan,nan,nan,0.258,knn,no_impute
car,1728,7,0.0,1.0,0.0,96896,0.0021,0.0023,0.0017,0.9712,6.7984,0.0,1.1844,1.3863,0.8358,nan,nan,nan,0.1717,knn,impute_knn
car,1728,7,0.0,1.0,0.0,96896,0.0021,0.0023,0.0017,0.9712,6.7984,0.0,1.1844,1.3863,0.8358,nan,nan,nan,0.0865,knn,no_impute
car,1728,7,0.0,1.0,0.0,96896,0.0021,0.0023,0.0017,0.9712,6.7984,0.0,1.1844,1.3863,0.8358,nan,nan,nan,0.4298,nb,impute_random
car,1728,7,0.0,1.0,0.0,96896,0.0021,0.0023,0.0017,0.9712,6.7984,0.0,1.1844,1.3863,0.8358,nan,nan,nan,0.3419,nb,impute_random
car,1728,7,0.0,1.0,0.0,96896,0.0021,0.0023,0.0017,0.9712,6.7984,0.0,1.1844,1.3863,0.8358,nan,nan,nan,0.258,nb,impute_random
car,1728,7,0.0,1.0,0.0,96896,0.0021,0.0023,0.0017,0.9712,6.7984,0.0,1.1844,1.3863,0.8358,nan,nan,nan,0.1717,nb,no_impute
car,1728,7,0.0,1.0,0.0,96896,0.0021,0.0023,0.0017,0.9712,6.7984,0.0,1.1844,1.3863,0.8358,nan,nan,nan,0.0865,nb,no_impute
users,322,5,0.0,1.0,0.9534,13008,0.0112,0.0124,0.0062,6.8886,14.9068,3.5393,0.9817,1.2812,0.6119,nan,nan,nan,0.3984,dt,impute_mean
users,322,5,0.0,1.0,0.9534,13008,0.0112,0.0124,0.0062,6.8886,14.9068,3.5393,0.9817,1.2812,0.6119,nan,nan,nan,0.3286,dt,impute_std
users,322,5,0.0,1.0,0.9534,13008,0.0112,0.0124,0.0062,6.8886,14.9068,3.5393,0.9817,1.2812,0.6119,nan,nan,nan,0.2385,dt,impute_mode
users,322,5,0.0,1.0,0.9534,13008,0.0112,0.0124,0.0062,6.8886,14.9068,3.5393,0.9817,1.2812,0.6119,nan,nan,nan,0.162,dt,impute_std
users,322,5,0.0,1.0,0.9534,13008,0.0112,0.0124,0.0062,6.8886,14.9068,3.5393,0.9817,1.2812,0.6119,nan,nan,nan,0.0801,dt,impute_linear_and_logistic
users,322,5,0.0,1.0,0.9534,13008,0.0112,0.0124,0.0062,6.8886,14.9068,3.5393,0.9817,1.2812,0.6119,nan,nan,nan,0.3984,lr,no_impute
users,322,5,0.0,1.0,0.9534,13008,0.0112,0.0124,0.0062,6.8886,14.9068,3.5393,0.9817,1.2812,0.6119,nan,nan,nan,0.3286,lr,impute_mean
users,322,5,0.0,1.0,0.9534,13008,0.0112,0.0124,0.0062,6.8886,14.9068,3.5393,0.9817,1.2812,0.6119,nan,nan,nan,0.2385,lr,no_impute
users,322,5,0.0,1.0,0.9534,13008,0.0112,0.0124,0.0062,6.8886,14.9068,3.5393,0.9817,1.2812,0.6119,nan,nan,nan,0.162,lr,no_impute
users,322,5,0.0,1.0,0.9534,13008,0.0112,0.0124,0.0062,6.8886,14.9068,3.5393,0.9817,1.2812,0.6119,nan,nan,nan,0.0801,lr,no_impute
users,322,5,0.0,1.0,0.9534,13008,0.0112,0.0124,0.0062,6.8886,14.9068,3.5393,0.9817,1.2812,0.6119,nan,nan,nan,0.3984,knn,impute_knn
users,322,5,0.0,1.0,0.9534,13008,0.0112,0.0124,0.0062,6.8886,14.9068,3.5393,0.9817,1.2812,0.6119,nan,nan,nan,0.3286,knn,impute_mice
users,322,5,0.0,1.0,0.9534,13008,0.0112,0.0124,0.0062,6.8886,14.9068,3.5393,0.9817,1.2812,0.6119,nan,nan,nan,0.2385,knn,impute_mice
users,322,5,0.0,1.0,0.9534,13008,0.0112,0.0124,0.0062,6.8886,14.9068,3.5393,0.9817,1.2812,0.6119,nan,nan,nan,0.162,knn,impute_mice
users,322,5,0.0,1.0,0.9534,13008,0.0112,0.0124,0.0062,6.8886,14.9068,3.5393,0.9817,1.2812,0.6119,nan,nan,nan,0.0801,knn,impute_knn
users,322,5,0.0,1.0,0.9534,13008,0.0112,0.0124,0.0062,6.8886,14.9068,3.5393,0.9817,1.2812,0.6119,nan,nan,nan,0.3984,nb,impute_mice
users,322,5,0.0,1.0,0.9534,13008,0.0112,0.0124,0.0062,6.8886,14.9068,3.5393,0.9817,1.2812,0.6119,nan,nan,nan,0.3286,nb,impute_mice
users,322,5,0.0,1.0,0.9534,13008,0.0112,0.0124,0.0062,6.8886,14.9068,3.5393,0.9817,1.2812,0.6119,nan,nan,nan,0.2385,nb,impute_mice
users,322,5,0.0,1.0,0.9534,13008,0.0112,0.0124,0.0062,6.8886,14.9068,3.5393,0.9817,1.2812,0.6119,nan,nan,nan,0.162,nb,impute_mice
users,322,5,0.0,1.0,0.9534,13008,0.0112,0.0124,0.0062,6.8886,14.9068,3.5393,0.9817,1.2812,0.6119,nan,nan,nan,0.0801,nb,impute_mice
bank,3074,17,0.41,0.59,0.0,418192,0.0581,0.5917,0.0007,7.741,36.4021,0.0,1.9746,6.9959,0.0764,0.0,0.6061,-0.0901,0.4712,dt,impute_median
bank,3074,17,0.41,0.59,0.0,418192,0.0581,0.5917,0.0007,7.741,36.4021,0.0,1.9746,6.9959,0.0764,0.0,0.6061,-0.0901,0.3776,dt,impute_mean
bank,3074,17,0.41,0.59,0.0,418192,0.0581,0.5917,0.0007,7.741,36.4021,0.0,1.9746,6.9959,0.0764,0.0,0.6061,-0.0901,0.282,dt,impute_mean
bank,3074,17,0.41,0.59,0.0,418192,0.0581,0.5917,0.0007,7.741,36.4021,0.0,1.9746,6.9959,0.0764,0.0,0.6061,-0.0901,0.1886,dt,impute_std
bank,3074,17,0.41,0.59,0.0,418192,0.0581,0.5917,0.0007,7.741,36.4021,0.0,1.9746,6.9959,0.0764,0.0,0.6061,-0.0901,0.0946,dt,impute_mice
bank,3074,17,0.41,0.59,0.0,418192,0.0581,0.5917,0.0007,7.741,36.4021,0.0,1.9746,6.9959,0.0764,0.0,0.6061,-0.0901,0.4712,lr,impute_mice
bank,3074,17,0.41,0.59,0.0,418192,0.0581,0.5917,0.0007,7.741,36.4021,0.0,1.9746,6.9959,0.0764,0.0,0.6061,-0.0901,0.3776,lr,no_impute
bank,3074,17,0.41,0.59,0.0,418192,0.0581,0.5917,0.0007,7.741,36.4021,0.0,1.9746,6.9959,0.0764,0.0,0.6061,-0.0901,0.282,lr,impute_mice
bank,3074,17,0.41,0.59,0.0,418192,0.0581,0.5917,0.0007,7.741,36.4021,0.0,1.9746,6.9959,0.0764,0.0,0.6061,-0.0901,0.1886,lr,impute_mice
bank,3074,17,0.41,0.59,0.0,418192,0.0581,0.5917,0.0007,7.741,36.4021,0.0,1.9746,6.9959,0.0764,0.0,0.6061,-0.0901,0.0946,lr,no_impute
bank,3074,17,0.41,0.59,0.0,418192,0.0581,0.5917,0.0007,7.741,36.4021,0.0,1.9746,6.9959,0.0764,0.0,0.6061,-0.0901,0.4712,knn,impute_soft
bank,3074,17,0.41,0.59,0.0,418192,0.0581,0.5917,0.0007,7.741,36.4021,0.0,1.9746,6.9959,0.0764,0.0,0.6061,-0.0901,0.3776,knn,impute_mice
bank,3074,17,0.41,0.59,0.0,418192,0.0581,0.5917,0.0007,7.741,36.4021,0.0,1.9746,6.9959,0.0764,0.0,0.6061,-0.0901,0.282,knn,impute_mice
bank,3074,17,0.41,0.59,0.0,418192,0.0581,0.5917,0.0007,7.741,36.4021,0.0,1.9746,6.9959,0.0764,0.0,0.6061,-0.0901,0.1886,knn,impute_mice
bank,3074,17,0.41,0.59,0.0,418192,0.0581,0.5917,0.0007,7.741,36.4021,0.0,1.9746,6.9959,0.0764,0.0,0.6061,-0.0901,0.0946,knn,impute_mice
bank,3074,17,0.41,0.59,0.0,418192,0.0581,0.5917,0.0007,7.741,36.4021,0.0,1.9746,6.9959,0.0764,0.0,0.6061,-0.0901,0.4712,nb,no_impute
bank,3074,17,0.41,0.59,0.0,418192,0.0581,0.5917,0.0007,7.741,36.4021,0.0,1.9746,6.9959,0.0764,0.0,0.6061,-0.0901,0.3776,nb,impute_standard
bank,3074,17,0.41,0.59,0.0,418192,0.0581,0.5917,0.0007,7.741,36.4021,0.0,1.9746,6.9959,0.0764,0.0,0.6061,-0.0901,0.282,nb,no_impute
bank,3074,17,0.41,0.59,0.0,418192,0.0581,0.5917,0.0007,7.741,36.4021,0.0,1.9746,6.9959,0.0764,0.0,0.6061,-0.0901,0.1886,nb,no_impute
bank,3074,17,0.41,0.59,0.0,418192,0.0581,0.5917,0.0007,7.741,36.4021,0.0,1.9746,6.9959,0.0764,0.0,0.6061,-0.0901,0.0946,nb,no_impute
german,1000,10,0.4,0.6,0.0,80128,0.1033,0.921,0.002,6.2992,15.0,0.0,1.9213,6.7956,0.6109,0.0,0.625,-0.0361,0.4516,dt,impute_linear_and_logistic
german,1000,10,0.4,0.6,0.0,80128,0.1033,0.921,0.002,6.2992,15.0,0.0,1.9213,6.7956,0.6109,0.0,0.625,-0.0361,0.3583,dt,impute_knn
german,1000,10,0.4,0.6,0.0,80128,0.1033,0.921,0.002,6.2992,15.0,0.0,1.9213,6.7956,0.6109,0.0,0.625,-0.0361,0.2712,dt,impute_mice
german,1000,10,0.4,0.6,0.0,80128,0.1033,0.921,0.002,6.2992,15.0,0.0,1.9213,6.7956,0.6109,0.0,0.625,-0.0361,0.1809,dt,impute_linear_and_logistic
german,1000,10,0.4,0.6,0.0,80128,0.1033,0.921,0.002,6.2992,15.0,0.0,1.9213,6.7956,0.6109,0.0,0.625,-0.0361,0.0908,dt,impute_median
german,1000,10,0.4,0.6,0.0,80128,0.1033,0.921,0.002,6.2992,15.0,0.0,1.9213,6.7956,0.6109,0.0,0.625,-0.0361,0.4516,lr,impute_std
german,1000,10,0.4,0.6,0.0,80128,0.1033,0.921,0.002,6.2992,15.0,0.0,1.9213,6.7956,0.6109,0.0,0.625,-0.0361,0.3583,lr,impute_mice
german,1000,10,0.4,0.6,0.0,80128,0.1033,0.921,0.002,6.2992,15.0,0.0,1.9213,6.7956,0.6109,0.0,0.625,-0.0361,0.2712,lr,no_impute
german,1000,10,0.4,0.6,0.0,80128,0.1033,0.921,0.002,6.2992,15.0,0.0,1.9213,6.7956,0.6109,0.0,0.625,-0.0361,0.1809,lr,impute_mice
german,1000,10,0.4,0.6,0.0,80128,0.1033,0.921,0.002,6.2992,15.0,0.0,1.9213,6.7956,0.6109,0.0,0.625,-0.0361,0.0908,lr,impute_median
german,1000,10,0.4,0.6,0.0,80128,0.1033,0.921,0.002,6.2992,15.0,0.0,1.9213,6.7956,0.6109,0.0,0.625,-0.0361,0.4516,knn,impute_knn
german,1000,10,0.4,0.6,0.0,80128,0.1033,0.921,0.002,6.2992,15.0,0.0,1.9213,6.7956,0.6109,0.0,0.625,-0.0361,0.3583,knn,impute_mode
german,1000,10,0.4,0.6,0.0,80128,0.1033,0.921,0.002,6.2992,15.0,0.0,1.9213,6.7956,0.6109,0.0,0.625,-0.0361,0.2712,knn,impute_mean
german,1000,10,0.4,0.6,0.0,80128,0.1033,0.921,0.002,6.2992,15.0,0.0,1.9213,6.7956,0.6109,0.0,0.625,-0.0361,0.1809,knn,impute_median
german,1000,10,0.4,0.6,0.0,80128,0.1033,0.921,0.002,6.2992,15.0,0.0,1.9213,6.7956,0.6109,0.0,0.625,-0.0361,0.0908,knn,no_impute
german,1000,10,0.4,0.6,0.0,80128,0.1033,0.921,0.002,6.2992,15.0,0.0,1.9213,6.7956,0.6109,0.0,0.625,-0.0361,0.4516,nb,impute_std
german,1000,10,0.4,0.6,0.0,80128,0.1033,0.921,0.002,6.2992,15.0,0.0,1.9213,6.7956,0.6109,0.0,0.625,-0.0361,0.3583,nb,impute_soft
german,1000,10,0.4,0.6,0.0,80128,0.1033,0.921,0.002,6.2992,15.0,0.0,1.9213,6.7956,0.6109,0.0,0.625,-0.0361,0.2712,nb,impute_mice
german,1000,10,0.4,0.6,0.0,80128,0.1033,0.921,0.002,6.2992,15.0,0.0,1.9213,6.7956,0.6109,0.0,0.625,-0.0361,0.1809,nb,impute_soft
german,1000,10,0.4,0.6,0.0,80128,0.1033,0.921,0.002,6.2992,15.0,0.0,1.9213,6.7956,0.6109,0.0,0.625,-0.0361,0.0908,nb,impute_mice
adult,3017,15,0.4,0.6,0.0,362168,0.0711,0.9486,0.0007,3.0447,18.6816,0.0,1.8318,7.9385,0.3115,0.0,0.1536,-0.0778,0.4672,dt,impute_median
adult,3017,15,0.4,0.6,0.0,362168,0.0711,0.9486,0.0007,3.0447,18.6816,0.0,1.8318,7.9385,0.3115,0.0,0.1536,-0.0778,0.3744,dt,impute_mode
adult,3017,15,0.4,0.6,0.0,362168,0.0711,0.9486,0.0007,3.0447,18.6816,0.0,1.8318,7.9385,0.3115,0.0,0.1536,-0.0778,0.2796,dt,impute_median
adult,3017,15,0.4,0.6,0.0,362168,0.0711,0.9486,0.0007,3.0447,18.6816,0.0,1.8318,7.9385,0.3115,0.0,0.1536,-0.0778,0.1869,dt,impute_median
adult,3017,15,0.4,0.6,0.0,362168,0.0711,0.9486,0.0007,3.0447,18.6816,0.0,1.8318,7.9385,0.3115,0.0,0.1536,-0.0778,0.0935,dt,impute_mice
adult,3017,15,0.4,0.6,0.0,362168,0.0711,0.9486,0.0007,3.0447,18.6816,0.0,1.8318,7.9385,0.3115,0.0,0.1536,-0.0778,0.4672,lr,impute_mean
adult,3017,15,0.4,0.6,0.0,362168,0.0711,0.9486,0.0007,3.0447,18.6816,0.0,1.8318,7.9385,0.3115,0.0,0.1536,-0.0778,0.3744,lr,impute_median
adult,3017,15,0.4,0.6,0.0,362168,0.0711,0.9486,0.0007,3.0447,18.6816,0.0,1.8318,7.9385,0.3115,0.0,0.1536,-0.0778,0.2796,lr,impute_mice
adult,3017,15,0.4,0.6,0.0,362168,0.0711,0.9486,0.0007,3.0447,18.6816,0.0,1.8318,7.9385,0.3115,0.0,0.1536,-0.0778,0.1869,lr,impute_mice
adult,3017,15,0.4,0.6,0.0,362168,0.0711,0.9486,0.0007,3.0447,18.6816,0.0,1.8318,7.9385,0.3115,0.0,0.1536,-0.0778,0.0935,lr,impute_median
adult,3017,15,0.4,0.6,0.0,362168,0.0711,0.9486,0.0007,3.0447,18.6816,0.0,1.8318,7.9385,0.3115,0.0,0.1536,-0.0778,0.4672,knn,impute_mean
adult,3017,15,0.4,0.6,0.0,362168,0.0711,0.9486,0.0007,3.0447,18.6816,0.0,1.8318,7.9385,0.3115,0.0,0.1536,-0.0778,0.3744,knn,impute_mice
adult,3017,15,0.4,0.6,0.0,362168,0.0711,0.9486,0.0007,3.0447,18.6816,0.0,1.8318,7.9385,0.3115,0.0,0.1536,-0.0778,0.2796,knn,impute_mice
adult,3017,15,0.4,0.6,0.0,362168,0.0711,0.9486,0.0007,3.0447,18.6816,0.0,1.8318,7.9385,0.3115,0.0,0.1536,-0.0778,0.1869,knn,impute_mice
adult,3017,15,0.4,0.6,0.0,362168,0.0711,0.9486,0.0007,3.0447,18.6816,0.0,1.8318,7.9385,0.3115,0.0,0.1536,-0.0778,0.0935,knn,impute_mice
adult,3017,15,0.4,0.6,0.0,362168,0.0711,0.9486,0.0007,3.0447,18.6816,0.0,1.8318,7.9385,0.3115,0.0,0.1536,-0.0778,0.4672,nb,impute_knn
adult,3017,15,0.4,0.6,0.0,362168,0.0711,0.9486,0.0007,3.0447,18.6816,0.0,1.8318,7.9385,0.3115,0.0,0.1536,-0.0778,0.3744,nb,impute_linear_and_logistic
adult,3017,15,0.4,0.6,0.0,362168,0.0711,0.9486,0.0007,3.0447,18.6816,0.0,1.8318,7.9385,0.3115,0.0,0.1536,-0.0778,0.2796,nb,impute_std
adult,3017,15,0.4,0.6,0.0,362168,0.0711,0.9486,0.0007,3.0447,18.6816,0.0,1.8318,7.9385,0.3115,0.0,0.1536,-0.0778,0.1869,nb,impute_std
adult,3017,15,0.4,0.6,0.0,362168,0.0711,0.9486,0.0007,3.0447,18.6816,0.0,1.8318,7.9385,0.3115,0.0,0.1536,-0.0778,0.0935,nb,impute_std
soybean,249,36,0.0,1.0,0.012,71840,0.0125,0.0602,0.008,16.1119,36.8976,0.2139,0.7101,2.551,0.0467,nan,nan,nan,0.4882,dt,impute_mice
soybean,249,36,0.0,1.0,0.012,71840,0.0125,0.0602,0.008,16.1119,36.8976,0.2139,0.7101,2.551,0.0467,nan,nan,nan,0.3874,dt,impute_knn
soybean,249,36,0.0,1.0,0.012,71840,0.0125,0.0602,0.008,16.1119,36.8976,0.2139,0.7101,2.551,0.0467,nan,nan,nan,0.2924,dt,impute_knn
soybean,249,36,0.0,1.0,0.012,71840,0.0125,0.0602,0.008,16.1119,36.8976,0.2139,0.7101,2.551,0.0467,nan,nan,nan,0.1957,dt,impute_knn
soybean,249,36,0.0,1.0,0.012,71840,0.0125,0.0602,0.008,16.1119,36.8976,0.2139,0.7101,2.551,0.0467,nan,nan,nan,0.0979,dt,impute_linear_and_logistic
soybean,249,36,0.0,1.0,0.012,71840,0.0125,0.0602,0.008,16.1119,36.8976,0.2139,0.7101,2.551,0.0467,nan,nan,nan,0.4882,lr,impute_knn
soybean,249,36,0.0,1.0,0.012,71840,0.0125,0.0602,0.008,16.1119,36.8976,0.2139,0.7101,2.551,0.0467,nan,nan,nan,0.3874,lr,impute_mice
soybean,249,36,0.0,1.0,0.012,71840,0.0125,0.0602,0.008,16.1119,36.8976,0.2139,0.7101,2.551,0.0467,nan,nan,nan,0.2924,lr,impute_knn
soybean,249,36,0.0,1.0,0.012,71840,0.0125,0.0602,0.008,16.1119,36.8976,0.2139,0.7101,2.551,0.0467,nan,nan,nan,0.1957,lr,impute_knn
soybean,249,36,0.0,1.0,0.012,71840,0.0125,0.0602,0.008,16.1119,36.8976,0.2139,0.7101,2.551,0.0467,nan,nan,nan,0.0979,lr,impute_random
soybean,249,36,0.0,1.0,0.012,71840,0.0125,0.0602,0.008,16.1119,36.8976,0.2139,0.7101,2.551,0.0467,nan,nan,nan,0.4882,knn,impute_mice
soybean,249,36,0.0,1.0,0.012,71840,0.0125,0.0602,0.008,16.1119,36.8976,0.2139,0.7101,2.551,0.0467,nan,nan,nan,0.3874,knn,impute_mice
soybean,249,36,0.0,1.0,0.012,71840,0.0125,0.0602,0.008,16.1119,36.8976,0.2139,0.7101,2.551,0.0467,nan,nan,nan,0.2924,knn,impute_mice
soybean,249,36,0.0,1.0,0.012,71840,0.0125,0.0602,0.008,16.1119,36.8976,0.2139,0.7101,2.551,0.0467,nan,nan,nan,0.1957,knn,impute_mice
soybean,249,36,0.0,1.0,0.012,71840,0.0125,0.0602,0.008,16.1119,36.8976,0.2139,0.7101,2.551,0.0467,nan,nan,nan,0.0979,knn,impute_knn
soybean,249,36,0.0,1.0,0.012,71840,0.0125,0.0602,0.008,16.1119,36.8976,0.2139,0.7101,2.551,0.0467,nan,nan,nan,0.4882,nb,no_impute
soybean,249,36,0.0,1.0,0.012,71840,0.0125,0.0602,0.008,16.1119,36.8976,0.2139,0.7101,2.551,0.0467,nan,nan,nan,0.3874,nb,no_impute
soybean,249,36,0.0,1.0,0.012,71840,0.0125,0.0602,0.008,16.1119,36.8976,0.2139,0.7101,2.551,0.0467,nan,nan,nan,0.2924,nb,impute_mean
soybean,249,36,0.0,1.0,0.012,71840,0.0125,0.0602,0.008,16.1119,36.8976,0.2139,0.7101,2.551,0.0467,nan,nan,nan,0.1957,nb,impute_mean
soybean,249,36,0.0,1.0,0.012,71840,0.0125,0.0602,0.008,16.1119,36.8976,0.2139,0.7101,2.551,0.0467,nan,nan,nan,0.0979,nb,impute_mean
mushrooms,4021,23,0.0,1.0,0.0,711845,0.0013,0.003,0.0002,6.6123,35.7281,0.0,0.9857,2.0917,-0.0,nan,nan,nan,0.4792,dt,impute_standard
mushrooms,4021,23,0.0,1.0,0.0,711845,0.0013,0.003,0.0002,6.6123,35.7281,0.0,0.9857,2.0917,-0.0,nan,nan,nan,0.3815,dt,no_impute
mushrooms,4021,23,0.0,1.0,0.0,711845,0.0013,0.003,0.0002,6.6123,35.7281,0.0,0.9857,2.0917,-0.0,nan,nan,nan,0.2878,dt,impute_knn
mushrooms,4021,23,0.0,1.0,0.0,711845,0.0013,0.003,0.0002,6.6123,35.7281,0.0,0.9857,2.0917,-0.0,nan,nan,nan,0.1914,dt,impute_knn
mushrooms,4021,23,0.0,1.0,0.0,711845,0.0013,0.003,0.0002,6.6123,35.7281,0.0,0.9857,2.0917,-0.0,nan,nan,nan,0.0958,dt,impute_knn
mushrooms,4021,23,0.0,1.0,0.0,711845,0.0013,0.003,0.0002,6.6123,35.7281,0.0,0.9857,2.0917,-0.0,nan,nan,nan,0.4792,lr,no_impute
mushrooms,4021,23,0.0,1.0,0.0,711845,0.0013,0.003,0.0002,6.6123,35.7281,0.0,0.9857,2.0917,-0.0,nan,nan,nan,0.3815,lr,no_impute
mushrooms,4021,23,0.0,1.0,0.0,711845,0.0013,0.003,0.0002,6.6123,35.7281,0.0,0.9857,2.0917,-0.0,nan,nan,nan,0.2878,lr,no_impute
mushrooms,4021,23,0.0,1.0,0.0,711845,0.0013,0.003,0.0002,6.6123,35.7281,0.0,0.9857,2.0917,-0.0,nan,nan,nan,0.1914,lr,no_impute
mushrooms,4021,23,0.0,1.0,0.0,711845,0.0013,0.003,0.0002,6.6123,35.7281,0.0,0.9857,2.0917,-0.0,nan,nan,nan,0.0958,lr,no_impute
mushrooms,4021,23,0.0,1.0,0.0,711845,0.0013,0.003,0.0002,6.6123,35.7281,0.0,0.9857,2.0917,-0.0,nan,nan,nan,0.4792,knn,impute_knn
mushrooms,4021,23,0.0,1.0,0.0,711845,0.0013,0.003,0.0002,6.6123,35.7281,0.0,0.9857,2.0917,-0.0,nan,nan,nan,0.3815,knn,impute_knn
mushrooms,4021,23,0.0,1.0,0.0,711845,0.0013,0.003,0.0002,6.6123,35.7281,0.0,0.9857,2.0917,-0.0,nan,nan,nan,0.2878,knn,impute_knn
mushrooms,4021,23,0.0,1.0,0.0,711845,0.0013,0.003,0.0002,6.6123,35.7281,0.0,0.9857,2.0917,-0.0,nan,nan,nan,0.1914,knn,impute_knn
mushrooms,4021,23,0.0,1.0,0.0,711845,0.0013,0.003,0.0002,6.6123,35.7281,0.0,0.9857,2.0917,-0.0,nan,nan,nan,0.0958,knn,no_impute
mushrooms,4021,23,0.0,1.0,0.0,711845,0.0013,0.003,0.0002,6.6123,35.7281,0.0,0.9857,2.0917,-0.0,nan,nan,nan,0.4792,nb,no_impute
mushrooms,4021,23,0.0,1.0,0.0,711845,0.0013,0.003,0.0002,6.6123,35.7281,0.0,0.9857,2.0917,-0.0,nan,nan,nan,0.3815,nb,no_impute
mushrooms,4021,23,0.0,1.0,0.0,711845,0.0013,0.003,0.0002,6.6123,35.7281,0.0,0.9857,2.0917,-0.0,nan,nan,nan,0.2878,nb,no_impute
mushrooms,4021,23,0.0,1.0,0.0,711845,0.0013,0.003,0.0002,6.6123,35.7281,0.0,0.9857,2.0917,-0.0,nan,nan,nan,0.1914,nb,no_impute
mushrooms,4021,23,0.0,1.0,0.0,711845,0.0013,0.003,0.0002,6.6123,35.7281,0.0,0.9857,2.0917,-0.0,nan,nan,nan,0.0958,nb,no_impute
breast-cancer,286,10,0.1,0.9,0.049,23008,0.0157,0.0385,0.007,7.6546,19.6678,0.7966,1.0144,2.0963,0.5485,0.0,0.0,1.0,0.4499,dt,impute_median
breast-cancer,286,10,0.1,0.9,0.049,23008,0.0157,0.0385,0.007,7.6546,19.6678,0.7966,1.0144,2.0963,0.5485,0.0,0.0,1.0,0.36,dt,impute_linear_and_logistic
breast-cancer,286,10,0.1,0.9,0.049,23008,0.0157,0.0385,0.007,7.6546,19.6678,0.7966,1.0144,2.0963,0.5485,0.0,0.0,1.0,0.2766,dt,impute_mice
breast-cancer,286,10,0.1,0.9,0.049,23008,0.0157,0.0385,0.007,7.6546,19.6678,0.7966,1.0144,2.0963,0.5485,0.0,0.0,1.0,0.1849,dt,impute_median
breast-cancer,286,10,0.1,0.9,0.049,23008,0.0157,0.0385,0.007,7.6546,19.6678,0.7966,1.0144,2.0963,0.5485,0.0,0.0,1.0,0.0892,dt,impute_std
breast-cancer,286,10,0.1,0.9,0.049,23008,0.0157,0.0385,0.007,7.6546,19.6678,0.7966,1.0144,2.0963,0.5485,0.0,0.0,1.0,0.4499,lr,impute_soft
breast-cancer,286,10,0.1,0.9,0.049,23008,0.0157,0.0385,0.007,7.6546,19.6678,0.7966,1.0144,2.0963,0.5485,0.0,0.0,1.0,0.36,lr,impute_soft
breast-cancer,286,10,0.1,0.9,0.049,23008,0.0157,0.0385,0.007,7.6546,19.6678,0.7966,1.0144,2.0963,0.5485,0.0,0.0,1.0,0.2766,lr,impute_knn
breast-cancer,286,10,0.1,0.9,0.049,23008,0.0157,0.0385,0.007,7.6546,19.6678,0.7966,1.0144,2.0963,0.5485,0.0,0.0,1.0,0.1849,lr,impute_soft
breast-cancer,286,10,0.1,0.9,0.049,23008,0.0157,0.0385,0.007,7.6546,19.6678,0.7966,1.0144,2.0963,0.5485,0.0,0.0,1.0,0.0892,lr,no_impute
breast-cancer,286,10,0.1,0.9,0.049,23008,0.0157,0.0385,0.007,7.6546,19.6678,0.7966,1.0144,2.0963,0.5485,0.0,0.0,1.0,0.4499,knn,impute_linear_and_logistic
breast-cancer,286,10,0.1,0.9,0.049,23008,0.0157,0.0385,0.007,7.6546,19.6678,0.7966,1.0144,2.0963,0.5485,0.0,0.0,1.0,0.36,knn,impute_knn
breast-cancer,286,10,0.1,0.9,0.049,23008,0.0157,0.0385,0.007,7.6546,19.6678,0.7966,1.0144,2.0963,0.5485,0.0,0.0,1.0,0.2766,knn,impute_linear_and_logistic
breast-cancer,286,10,0.1,0.9,0.049,23008,0.0157,0.0385,0.007,7.6546,19.6678,0.7966,1.0144,2.0963,0.5485,0.0,0.0,1.0,0.1849,knn,impute_mice
breast-cancer,286,10,0.1,0.9,0.049,23008,0.0157,0.0385,0.007,7.6546,19.6678,0.7966,1.0144,2.0963,0.5485,0.0,0.0,1.0,0.0892,knn,impute_linear_and_logistic
breast-cancer,286,10,0.1,0.9,0.049,23008,0.0157,0.0385,0.007,7.6546,19.6678,0.7966,1.0144,2.0963,0.5485,0.0,0.0,1.0,0.4499,nb,impute_knn
breast-cancer,286,10,0.1,0.9,0.049,23008,0.0157,0.0385,0.007,7.6546,19.6678,0.7966,1.0144,2.0963,0.5485,0.0,0.0,1.0,0.36,nb,impute_soft
breast-cancer,286,10,0.1,0.9,0.049,23008,0.0157,0.0385,0.007,7.6546,19.6678,0.7966,1.0144,2.0963,0.5485,0.0,0.0,1.0,0.2766,nb,impute_mice
breast-cancer,286,10,0.1,0.9,0.049,23008,0.0157,0.0385,0.007,7.6546,19.6678,0.7966,1.0144,2.0963,0.5485,0.0,0.0,1.0,0.1849,nb,impute_mode
breast-cancer,286,10,0.1,0.9,0.049,23008,0.0157,0.0385,0.007,7.6546,19.6678,0.7966,1.0144,2.0963,0.5485,0.0,0.0,1.0,0.0892,nb,impute_linear_and_logistic
drug,200,6,0.33,0.67,0.0,9728,0.2225,0.99,0.01,1.1813,2.8234,0.0,2.1763,5.2845,0.6923,0.0,0.0,-0.0631,0.4165,dt,impute_standard
drug,200,6,0.33,0.67,0.0,9728,0.2225,0.99,0.01,1.1813,2.8234,0.0,2.1763,5.2845,0.6923,0.0,0.0,-0.0631,0.3335,dt,impute_standard
drug,200,6,0.33,0.67,0.0,9728,0.2225,0.99,0.01,1.1813,2.8234,0.0,2.1763,5.2845,0.6923,0.0,0.0,-0.0631,0.2575,dt,impute_standard
drug,200,6,0.33,0.67,0.0,9728,0.2225,0.99,0.01,1.1813,2.8234,0.0,2.1763,5.2845,0.6923,0.0,0.0,-0.0631,0.1627,dt,impute_standard
drug,200,6,0.33,0.67,0.0,9728,0.2225,0.99,0.01,1.1813,2.8234,0.0,2.1763,5.2845,0.6923,0.0,0.0,-0.0631,0.0833,dt,impute_standard
drug,200,6,0.33,0.67,0.0,9728,0.2225,0.99,0.01,1.1813,2.8234,0.0,2.1763,5.2845,0.6923,0.0,0.0,-0.0631,0.4165,lr,impute_mice
drug,200,6,0.33,0.67,0.0,9728,0.2225,0.99,0.01,1.1813,2.8234,0.0,2.1763,5.2845,0.6923,0.0,0.0,-0.0631,0.3335,lr,impute_mice
drug,200,6,0.33,0.67,0.0,9728,0.2225,0.99,0.01,1.1813,2.8234,0.0,2.1763,5.2845,0.6923,0.0,0.0,-0.0631,0.2575,lr,impute_mice
drug,200,6,0.33,0.67,0.0,9728,0.2225,0.99,0.01,1.1813,2.8234,0.0,2.1763,5.2845,0.6923,0.0,0.0,-0.0631,0.1627,lr,impute_mice
drug,200,6,0.33,0.67,0.0,9728,0.2225,0.99,0.01,1.1813,2.8234,0.0,2.1763,5.2845,0.6923,0.0,0.0,-0.0631,0.0833,lr,impute_mice
drug,200,6,0.33,0.67,0.0,9728,0.2225,0.99,0.01,1.1813,2.8234,0.0,2.1763,5.2845,0.6923,0.0,0.0,-0.0631,0.4165,knn,impute_linear_and_logistic
drug,200,6,0.33,0.67,0.0,9728,0.2225,0.99,0.01,1.1813,2.8234,0.0,2.1763,5.2845,0.6923,0.0,0.0,-0.0631,0.3335,knn,impute_mean
drug,200,6,0.33,0.67,0.0,9728,0.2225,0.99,0.01,1.1813,2.8234,0.0,2.1763,5.2845,0.6923,0.0,0.0,-0.0631,0.2575,knn,impute_random
drug,200,6,0.33,0.67,0.0,9728,0.2225,0.99,0.01,1.1813,2.8234,0.0,2.1763,5.2845,0.6923,0.0,0.0,-0.0631,0.1627,knn,impute_mode
drug,200,6,0.33,0.67,0.0,9728,0.2225,0.99,0.01,1.1813,2.8234,0.0,2.1763,5.2845,0.6923,0.0,0.0,-0.0631,0.0833,knn,impute_random
drug,200,6,0.33,0.67,0.0,9728,0.2225,0.99,0.01,1.1813,2.8234,0.0,2.1763,5.2845,0.6923,0.0,0.0,-0.0631,0.4165,nb,impute_knn
drug,200,6,0.33,0.67,0.0,9728,0.2225,0.99,0.01,1.1813,2.8234,0.0,2.1763,5.2845,0.6923,0.0,0.0,-0.0631,0.3335,nb,impute_soft
drug,200,6,0.33,0.67,0.0,9728,0.2225,0.99,0.01,1.1813,2.8234,0.0,2.1763,5.2845,0.6923,0.0,0.0,-0.0631,0.2575,nb,impute_knn
drug,200,6,0.33,0.67,0.0,9728,0.2225,0.99,0.01,1.1813,2.8234,0.0,2.1763,5.2845,0.6923,0.0,0.0,-0.0631,0.1627,nb,impute_mice
drug,200,6,0.33,0.67,0.0,9728,0.2225,0.99,0.01,1.1813,2.8234,0.0,2.1763,5.2845,0.6923,0.0,0.0,-0.0631,0.0833,nb,impute_knn
ecoli,336,9,0.78,0.22,0.0,24320,0.2338,1.0,0.006,8.1316,37.2768,0.0,3.0626,5.8171,0.0203,0.2857,0.8093,-0.1202,0.4444,dt,impute_mean
ecoli,336,9,0.78,0.22,0.0,24320,0.2338,1.0,0.006,8.1316,37.2768,0.0,3.0626,5.8171,0.0203,0.2857,0.8093,-0.1202,0.3562,dt,impute_standard
ecoli,336,9,0.78,0.22,0.0,24320,0.2338,1.0,0.006,8.1316,37.2768,0.0,3.0626,5.8171,0.0203,0.2857,0.8093,-0.1202,0.2728,dt,impute_mice
ecoli,336,9,0.78,0.22,0.0,24320,0.2338,1.0,0.006,8.1316,37.2768,0.0,3.0626,5.8171,0.0203,0.2857,0.8093,-0.1202,0.1799,dt,impute_mice
ecoli,336,9,0.78,0.22,0.0,24320,0.2338,1.0,0.006,8.1316,37.2768,0.0,3.0626,5.8171,0.0203,0.2857,0.8093,-0.1202,0.089,dt,no_impute
ecoli,336,9,0.78,0.22,0.0,24320,0.2338,1.0,0.006,8.1316,37.2768,0.0,3.0626,5.8171,0.0203,0.2857,0.8093,-0.1202,0.4444,lr,no_impute
ecoli,336,9,0.78,0.22,0.0,24320,0.2338,1.0,0.006,8.1316,37.2768,0.0,3.0626,5.8171,0.0203,0.2857,0.8093,-0.1202,0.3562,lr,impute_mean
ecoli,336,9,0.78,0.22,0.0,24320,0.2338,1.0,0.006,8.1316,37.2768,0.0,3.0626,5.8171,0.0203,0.2857,0.8093,-0.1202,0.2728,lr,impute_mice
ecoli,336,9,0.78,0.22,0.0,24320,0.2338,1.0,0.006,8.1316,37.2768,0.0,3.0626,5.8171,0.0203,0.2857,0.8093,-0.1202,0.1799,lr,impute_mice
ecoli,336,9,0.78,0.22,0.0,24320,0.2338,1.0,0.006,8.1316,37.2768,0.0,3.0626,5.8171,0.0203,0.2857,0.8093,-0.1202,0.089,lr,impute_mice
ecoli,336,9,0.78,0.22,0.0,24320,0.2338,1.0,0.006,8.1316,37.2768,0.0,3.0626,5.8171,0.0203,0.2857,0.8093,-0.1202,0.4444,knn,impute_mice
ecoli,336,9,0.78,0.22,0.0,24320,0.2338,1.0,0.006,8.1316,37.2768,0.0,3.0626,5.8171,0.0203,0.2857,0.8093,-0.1202,0.3562,knn,impute_linear_and_logistic
ecoli,336,9,0.78,0.22,0.0,24320,0.2338,1.0,0.006,8.1316,37.2768,0.0,3.0626,5.8171,0.0203,0.2857,0.8093,-0.1202,0.2728,knn,impute_linear_and_logistic
ecoli,336,9,0.78,0.22,0.0,24320,0.2338,1.0,0.006,8.1316,37.2768,0.0,3.0626,5.8171,0.0203,0.2857,0.8093,-0.1202,0.1799,knn,impute_linear_and_logistic
ecoli,336,9,0.78,0.22,0.0,24320,0.2338,1.0,0.006,8.1316,37.2768,0.0,3.0626,5.8171,0.0203,0.2857,0.8093,-0.1202,0.089,knn,impute_mice
ecoli,336,9,0.78,0.22,0.0,24320,0.2338,1.0,0.006,8.1316,37.2768,0.0,3.0626,5.8171,0.0203,0.2857,0.8093,-0.1202,0.4444,nb,impute_linear_and_logistic
ecoli,336,9,0.78,0.22,0.0,24320,0.2338,1.0,0.006,8.1316,37.2768,0.0,3.0626,5.8171,0.0203,0.2857,0.8093,-0.1202,0.3562,nb,impute_linear_and_logistic
ecoli,336,9,0.78,0.22,0.0,24320,0.2338,1.0,0.006,8.1316,37.2768,0.0,3.0626,5.8171,0.0203,0.2857,0.8093,-0.1202,0.2728,nb,impute_mice
ecoli,336,9,0.78,0.22,0.0,24320,0.2338,1.0,0.006,8.1316,37.2768,0.0,3.0626,5.8171,0.0203,0.2857,0.8093,-0.1202,0.1799,nb,no_impute
ecoli,336,9,0.78,0.22,0.0,24320,0.2338,1.0,0.006,8.1316,37.2768,0.0,3.0626,5.8171,0.0203,0.2857,0.8093,-0.1202,0.089,nb,no_impute
gender,5001,8,0.88,0.12,0.3535,320192,0.0019,0.0084,0.0004,3.6908,27.722,0.0075,1.3148,3.6843,0.3871,0.0,0.5693,-0.0258,0.4378,dt,impute_soft
gender,5001,8,0.88,0.12,0.3535,320192,0.0019,0.0084,0.0004,3.6908,27.722,0.0075,1.3148,3.6843,0.3871,0.0,0.5693,-0.0258,0.3507,dt,impute_soft
gender,5001,8,0.88,0.12,0.3535,320192,0.0019,0.0084,0.0004,3.6908,27.722,0.0075,1.3148,3.6843,0.3871,0.0,0.5693,-0.0258,0.263,dt,impute_mice
gender,5001,8,0.88,0.12,0.3535,320192,0.0019,0.0084,0.0004,3.6908,27.722,0.0075,1.3148,3.6843,0.3871,0.0,0.5693,-0.0258,0.1753,dt,impute_soft
gender,5001,8,0.88,0.12,0.3535,320192,0.0019,0.0084,0.0004,3.6908,27.722,0.0075,1.3148,3.6843,0.3871,0.0,0.5693,-0.0258,0.0879,dt,impute_soft
gender,5001,8,0.88,0.12,0.3535,320192,0.0019,0.0084,0.0004,3.6908,27.722,0.0075,1.3148,3.6843,0.3871,0.0,0.5693,-0.0258,0.4378,lr,impute_mean
gender,5001,8,0.88,0.12,0.3535,320192,0.0019,0.0084,0.0004,3.6908,27.722,0.0075,1.3148,3.6843,0.3871,0.0,0.5693,-0.0258,0.3507,lr,no_impute
gender,5001,8,0.88,0.12,0.3535,320192,0.0019,0.0084,0.0004,3.6908,27.722,0.0075,1.3148,3.6843,0.3871,0.0,0.5693,-0.0258,0.263,lr,no_impute
gender,5001,8,0.88,0.12,0.3535,320192,0.0019,0.0084,0.0004,3.6908,27.722,0.0075,1.3148,3.6843,0.3871,0.0,0.5693,-0.0258,0.1753,lr,no_impute
gender,5001,8,0.88,0.12,0.3535,320192,0.0019,0.0084,0.0004,3.6908,27.722,0.0075,1.3148,3.6843,0.3871,0.0,0.5693,-0.0258,0.0879,lr,impute_linear_and_logistic
gender,5001,8,0.88,0.12,0.3535,320192,0.0019,0.0084,0.0004,3.6908,27.722,0.0075,1.3148,3.6843,0.3871,0.0,0.5693,-0.0258,0.4378,knn,no_impute
gender,5001,8,0.88,0.12,0.3535,320192,0.0019,0.0084,0.0004,3.6908,27.722,0.0075,1.3148,3.6843,0.3871,0.0,0.5693,-0.0258,0.3507,knn,impute_mean
gender,5001,8,0.88,0.12,0.3535,320192,0.0019,0.0084,0.0004,3.6908,27.722,0.0075,1.3148,3.6843,0.3871,0.0,0.5693,-0.0258,0.263,knn,impute_mice
gender,5001,8,0.88,0.12,0.3535,320192,0.0019,0.0084,0.0004,3.6908,27.722,0.0075,1.3148,3.6843,0.3871,0.0,0.5693,-0.0258,0.1753,knn,impute_mice
gender,5001,8,0.88,0.12,0.3535,320192,0.0019,0.0084,0.0004,3.6908,27.722,0.0075,1.3148,3.6843,0.3871,0.0,0.5693,-0.0258,0.0879,knn,no_impute
gender,5001,8,0.88,0.12,0.3535,320192,0.0019,0.0084,0.0004,3.6908,27.722,0.0075,1.3148,3.6843,0.3871,0.0,0.5693,-0.0258,0.4378,nb,no_impute
gender,5001,8,0.88,0.12,0.3535,320192,0.0019,0.0084,0.0004,3.6908,27.722,0.0075,1.3148,3.6843,0.3871,0.0,0.5693,-0.0258,0.3507,nb,no_impute
gender,5001,8,0.88,0.12,0.3535,320192,0.0019,0.0084,0.0004,3.6908,27.722,0.0075,1.3148,3.6843,0.3871,0.0,0.5693,-0.0258,0.263,nb,no_impute
gender,5001,8,0.88,0.12,0.3535,320192,0.0019,0.0084,0.0004,3.6908,27.722,0.0075,1.3148,3.6843,0.3871,0.0,0.5693,-0.0258,0.1753,nb,no_impute
gender,5001,8,0.88,0.12,0.3535,320192,0.0019,0.0084,0.0004,3.6908,27.722,0.0075,1.3148,3.6843,0.3871,0.0,0.5693,-0.0258,0.0879,nb,no_impute
stars,240,7,0.71,0.29,0.0,13568,0.5417,0.95,0.025,0.3678,2.2322,0.0,3.7706,5.4091,1.4753,0.0,0.6768,-0.9553,0.4278,dt,impute_std
stars,240,7,0.71,0.29,0.0,13568,0.5417,0.95,0.025,0.3678,2.2322,0.0,3.7706,5.4091,1.4753,0.0,0.6768,-0.9553,0.348,dt,impute_mean
stars,240,7,0.71,0.29,0.0,13568,0.5417,0.95,0.025,0.3678,2.2322,0.0,3.7706,5.4091,1.4753,0.0,0.6768,-0.9553,0.2554,dt,impute_mean
stars,240,7,0.71,0.29,0.0,13568,0.5417,0.95,0.025,0.3678,2.2322,0.0,3.7706,5.4091,1.4753,0.0,0.6768,-0.9553,0.1736,dt,impute_mean
stars,240,7,0.71,0.29,0.0,13568,0.5417,0.95,0.025,0.3678,2.2322,0.0,3.7706,5.4091,1.4753,0.0,0.6768,-0.9553,0.0868,dt,impute_median
stars,240,7,0.71,0.29,0.0,13568,0.5417,0.95,0.025,0.3678,2.2322,0.0,3.7706,5.4091,1.4753,0.0,0.6768,-0.9553,0.4278,lr,impute_knn
stars,240,7,0.71,0.29,0.0,13568,0.5417,0.95,0.025,0.3678,2.2322,0.0,3.7706,5.4091,1.4753,0.0,0.6768,-0.9553,0.348,lr,impute_knn
stars,240,7,0.71,0.29,0.0,13568,0.5417,0.95,0.025,0.3678,2.2322,0.0,3.7706,5.4091,1.4753,0.0,0.6768,-0.9553,0.2554,lr,impute_knn
stars,240,7,0.71,0.29,0.0,13568,0.5417,0.95,0.025,0.3678,2.2322,0.0,3.7706,5.4091,1.4753,0.0,0.6768,-0.9553,0.1736,lr,impute_knn
stars,240,7,0.71,0.29,0.0,13568,0.5417,0.95,0.025,0.3678,2.2322,0.0,3.7706,5.4091,1.4753,0.0,0.6768,-0.9553,0.0868,lr,impute_knn
stars,240,7,0.71,0.29,0.0,13568,0.5417,0.95,0.025,0.3678,2.2322,0.0,3.7706,5.4091,1.4753,0.0,0.6768,-0.9553,0.4278,knn,impute_knn
stars,240,7,0.71,0.29,0.0,13568,0.5417,0.95,0.025,0.3678,2.2322,0.0,3.7706,5.4091,1.4753,0.0,0.6768,-0.9553,0.348,knn,impute_knn
stars,240,7,0.71,0.29,0.0,13568,0.5417,0.95,0.025,0.3678,2.2322,0.0,3.7706,5.4091,1.4753,0.0,0.6768,-0.9553,0.2554,knn,impute_knn
stars,240,7,0.71,0.29,0.0,13568,0.5417,0.95,0.025,0.3678,2.2322,0.0,3.7706,5.4091,1.4753,0.0,0.6768,-0.9553,0.1736,knn,impute_knn
stars,240,7,0.71,0.29,0.0,13568,0.5417,0.95,0.025,0.3678,2.2322,0.0,3.7706,5.4091,1.4753,0.0,0.6768,-0.9553,0.0868,knn,impute_knn
stars,240,7,0.71,0.29,0.0,13568,0.5417,0.95,0.025,0.3678,2.2322,0.0,3.7706,5.4091,1.4753,0.0,0.6768,-0.9553,0.4278,nb,impute_standard
stars,240,7,0.71,0.29,0.0,13568,0.5417,0.95,0.025,0.3678,2.2322,0.0,3.7706,5.4091,1.4753,0.0,0.6768,-0.9553,0.348,nb,impute_median
stars,240,7,0.71,0.29,0.0,13568,0.5417,0.95,0.025,0.3678,2.2322,0.0,3.7706,5.4091,1.4753,0.0,0.6768,-0.9553,0.2554,nb,impute_mode
stars,240,7,0.71,0.29,0.0,13568,0.5417,0.95,0.025,0.3678,2.2322,0.0,3.7706,5.4091,1.4753,0.0,0.6768,-0.9553,0.1736,nb,impute_mode
stars,240,7,0.71,0.29,0.0,13568,0.5417,0.95,0.025,0.3678,2.2322,0.0,3.7706,5.4091,1.4753,0.0,0.6768,-0.9553,0.0868,nb,impute_median
mobile,2000,21,1.0,0.0,0.0,336128,0.1248,0.781,0.001,1.134,19.6125,0.0,3.0263,7.2784,0.5493,0.0952,0.917,-0.0466,0.4767,dt,impute_median
mobile,2000,21,1.0,0.0,0.0,336128,0.1248,0.781,0.001,1.134,19.6125,0.0,3.0263,7.2784,0.5493,0.0952,0.917,-0.0466,0.382,dt,impute_mode
mobile,2000,21,1.0,0.0,0.0,336128,0.1248,0.781,0.001,1.134,19.6125,0.0,3.0263,7.2784,0.5493,0.0952,0.917,-0.0466,0.2855,dt,impute_mode
mobile,2000,21,1.0,0.0,0.0,336128,0.1248,0.781,0.001,1.134,19.6125,0.0,3.0263,7.2784,0.5493,0.0952,0.917,-0.0466,0.1905,dt,impute_mice
mobile,2000,21,1.0,0.0,0.0,336128,0.1248,0.781,0.001,1.134,19.6125,0.0,3.0263,7.2784,0.5493,0.0952,0.917,-0.0466,0.0956,dt,impute_mice
mobile,2000,21,1.0,0.0,0.0,336128,0.1248,0.781,0.001,1.134,19.6125,0.0,3.0263,7.2784,0.5493,0.0952,0.917,-0.0466,0.4767,lr,impute_mean
mobile,2000,21,1.0,0.0,0.0,336128,0.1248,0.781,0.001,1.134,19.6125,0.0,3.0263,7.2784,0.5493,0.0952,0.917,-0.0466,0.382,lr,impute_linear_and_logistic
mobile,2000,21,1.0,0.0,0.0,336128,0.1248,0.781,0.001,1.134,19.6125,0.0,3.0263,7.2784,0.5493,0.0952,0.917,-0.0466,0.2855,lr,impute_mice
mobile,2000,21,1.0,0.0,0.0,336128,0.1248,0.781,0.001,1.134,19.6125,0.0,3.0263,7.2784,0.5493,0.0952,0.917,-0.0466,0.1905,lr,impute_linear_and_logistic
mobile,2000,21,1.0,0.0,0.0,336128,0.1248,0.781,0.001,1.134,19.6125,0.0,3.0263,7.2784,0.5493,0.0952,0.917,-0.0466,0.0956,lr,impute_mice
mobile,2000,21,1.0,0.0,0.0,336128,0.1248,0.781,0.001,1.134,19.6125,0.0,3.0263,7.2784,0.5493,0.0952,0.917,-0.0466,0.4767,knn,impute_soft
mobile,2000,21,1.0,0.0,0.0,336128,0.1248,0.781,0.001,1.134,19.6125,0.0,3.0263,7.2784,0.5493,0.0952,0.917,-0.0466,0.382,knn,impute_soft
mobile,2000,21,1.0,0.0,0.0,336128,0.1248,0.781,0.001,1.134,19.6125,0.0,3.0263,7.2784,0.5493,0.0952,0.917,-0.0466,0.2855,knn,impute_soft
mobile,2000,21,1.0,0.0,0.0,336128,0.1248,0.781,0.001,1.134,19.6125,0.0,3.0263,7.2784,0.5493,0.0952,0.917,-0.0466,0.1905,knn,impute_linear_and_logistic
mobile,2000,21,1.0,0.0,0.0,336128,0.1248,0.781,0.001,1.134,19.6125,0.0,3.0263,7.2784,0.5493,0.0952,0.917,-0.0466,0.0956,knn,no_impute
mobile,2000,21,1.0,0.0,0.0,336128,0.1248,0.781,0.001,1.134,19.6125,0.0,3.0263,7.2784,0.5493,0.0952,0.917,-0.0466,0.4767,nb,impute_linear_and_logistic
mobile,2000,21,1.0,0.0,0.0,336128,0.1248,0.781,0.001,1.134,19.6125,0.0,3.0263,7.2784,0.5493,0.0952,0.917,-0.0466,0.382,nb,impute_linear_and_logistic
mobile,2000,21,1.0,0.0,0.0,336128,0.1248,0.781,0.001,1.134,19.6125,0.0,3.0263,7.2784,0.5493,0.0952,0.917,-0.0466,0.2855,nb,impute_linear_and_logistic
mobile,2000,21,1.0,0.0,0.0,336128,0.1248,0.781,0.001,1.134,19.6125,0.0,3.0263,7.2784,0.5493,0.0952,0.917,-0.0466,0.1905,nb,impute_mice
mobile,2000,21,1.0,0.0,0.0,336128,0.1248,0.781,0.001,1.134,19.6125,0.0,3.0263,7.2784,0.5493,0.0952,0.917,-0.0466,0.0956,nb,impute_mice
