percentage,outlier,correction,imputation,r2
100,none,none,none,0.7830631153682421
100,none,none,none,0.7828801903945494
100,none,none,none,0.7839271878388013
100,none,none,none,0.7840793997914128
90,none,none,none,0.7753776466933301
90,none,none,none,0.7756264480542997
90,none,none,none,0.7812123804950447
90,none,none,none,0.7789522696183379
80,none,none,none,0.771766185252723
80,none,none,none,0.7693526664520928
80,none,none,none,0.7743567479711653
80,none,none,none,0.7723385092281991
70,none,none,none,0.7633766372414799
70,none,none,none,0.7670769374821746
70,none,none,none,0.7679047514213456
70,none,none,none,0.7678623979770335
60,none,none,none,0.76211286366796
60,none,none,none,0.7648330803293193
60,none,none,none,0.7640276194181699
60,none,none,none,0.7562677178768901
50,none,none,none,0.7595680120817149
50,none,none,none,0.755272909399985
50,none,none,none,0.7562950020538549
50,none,none,none,0.7591244597466552
90,none,none,none,0.7813843114117301
90,none,none,none,0.7727452235313668
80,none,none,none,0.773854829895007
80,none,none,none,0.766472241910132
70,none,none,none,0.7652475442427511
70,none,none,none,0.771264569688927
60,none,none,none,0.757423324726494
60,none,none,none,0.7553563526025516
50,none,none,none,0.7558671954999613
50,none,none,none,0.7501083102928017
90,none,none,none,0.7759594042539218
90,none,none,none,0.7738953679325223
80,none,none,none,0.7656350693269018
80,none,none,none,0.7721220344241527
70,none,none,none,0.7698683400284925
70,none,none,none,0.7608745573710689
60,none,none,none,0.7534721154311359
60,none,none,none,0.7596054475430016
50,none,none,none,0.7543897153208566
50,none,none,none,0.7538021809986784
90,z,drop,drop,0.7867771868509497
90,z,drop,LOCF,0.7802713167332576
90,z,drop,interpolation,0.7809644226364258
90,lof,drop,drop,0.8063012372183491
90,lof,drop,LOCF,0.7892711858462186
90,lof,drop,interpolation,0.7871906435496414
90,hst,drop,drop,0.7814693452304906
90,hst,drop,LOCF,0.7741706832723274
90,hst,drop,interpolation,0.7752530516562618
90,z,drop,drop,0.7875728032138868
90,z,drop,LOCF,0.7759593477452441
90,z,drop,interpolation,0.7777304558146245
90,lof,drop,drop,0.7991101792056791
90,lof,drop,LOCF,0.782040224356292
90,lof,drop,interpolation,0.7790513697662089
90,hst,drop,drop,0.7896567710370053
90,hst,drop,LOCF,0.7777408614984815
90,hst,drop,interpolation,0.7789257183759645
90,z,drop,drop,0.7898097083167326
90,z,drop,LOCF,0.7835054744168206
90,z,drop,interpolation,0.7822677003484987
90,lof,drop,drop,0.7830142599358231
90,lof,drop,LOCF,0.7847729255370274
90,lof,drop,interpolation,0.7859036310834367
90,hst,drop,drop,0.7872404539038527
90,hst,drop,LOCF,0.7835813032887357
90,hst,drop,interpolation,0.7832117499295711
90,z,drop,drop,0.7919384911313047
90,z,drop,LOCF,0.7784929523925024
90,z,drop,interpolation,0.7772599899648709
90,lof,drop,drop,0.7883614344508479
90,lof,drop,LOCF,0.7819174132709517
90,lof,drop,interpolation,0.7801360451449237
90,hst,drop,drop,0.7869545978550436
90,hst,drop,LOCF,0.7815961835534979
90,hst,drop,interpolation,0.7813681427053565
90,z,drop,drop,0.7998665780808971
90,z,drop,LOCF,0.782956219095613
90,z,drop,interpolation,0.78432061122264
90,lof,drop,drop,0.7983941739163519
90,lof,drop,LOCF,0.782077759624628
90,lof,drop,interpolation,0.7845624048604118
90,hst,drop,drop,0.7891102464779828
90,hst,drop,LOCF,0.783330040949901
90,hst,drop,interpolation,0.7826646440291072
90,z,drop,drop,0.7793708083348002
90,z,drop,LOCF,0.7753388214675005
90,z,drop,interpolation,0.7743554115166945
90,lof,drop,drop,0.7912370210819119
90,lof,drop,LOCF,0.7873006788449248
90,lof,drop,interpolation,0.7881444264817592
90,hst,drop,drop,0.7809690301115482
90,hst,drop,LOCF,0.7696494673094041
90,hst,drop,interpolation,0.7663826216245967
90,z,drop,drop,0.7876689211590797
90,z,drop,LOCF,0.7758756105126836
90,z,drop,interpolation,0.7787102306974302
90,lof,drop,drop,0.7898481264995105
90,lof,drop,LOCF,0.789043038168429
90,lof,drop,interpolation,0.7810007076958015
90,hst,drop,drop,0.7880551891490971
90,hst,drop,LOCF,0.7795141260305158
90,hst,drop,interpolation,0.7776033674749333
90,z,drop,drop,0.7851722748296295
90,z,drop,LOCF,0.7764032039239677
90,z,drop,interpolation,0.7775083930716807
90,lof,drop,drop,0.7957120928244242
90,lof,drop,LOCF,0.7903442956778086
90,lof,drop,interpolation,0.7868813396381833
90,hst,drop,drop,0.786764310413854
90,hst,drop,LOCF,0.7802582448565996
90,hst,drop,interpolation,0.7792747101863082
90,z,LOCF,drop,0.7865784735834118
90,z,LOCF,LOCF,0.7792253593487182
90,z,LOCF,interpolation,0.7799887706027663
90,lof,LOCF,drop,0.783395738443957
90,lof,LOCF,LOCF,0.77046091732478
90,lof,LOCF,interpolation,0.7722564679194847
90,hst,LOCF,drop,0.7744572105687532
90,hst,LOCF,LOCF,0.7711930796438887
90,hst,LOCF,interpolation,0.7715242016086532
90,z,LOCF,drop,0.7772345917311694
90,z,LOCF,LOCF,0.7746304804952451
90,z,LOCF,interpolation,0.775306509435437
90,lof,LOCF,drop,0.7665136087277601
90,lof,LOCF,LOCF,0.7663130567366536
90,lof,LOCF,interpolation,0.7658223696421425
90,hst,LOCF,drop,0.7792771717201767
90,hst,LOCF,LOCF,0.767069939976448
90,hst,LOCF,interpolation,0.7665881834614442
90,z,LOCF,drop,0.7937828494125925
90,z,LOCF,LOCF,0.7821433586459574
90,z,LOCF,interpolation,0.7813644493771241
90,lof,LOCF,drop,0.7792127608007942
90,lof,LOCF,LOCF,0.7703331793360176
90,lof,LOCF,interpolation,0.7683226641851133
90,hst,LOCF,drop,0.7773145909275981
90,hst,LOCF,LOCF,0.7686282137987235
90,hst,LOCF,interpolation,0.767830367038103
90,z,LOCF,drop,0.7830559980879785
90,z,LOCF,LOCF,0.7775474255080994
90,z,LOCF,interpolation,0.7771947122933069
90,lof,LOCF,drop,0.7802511186172882
90,lof,LOCF,LOCF,0.766710574728563
90,lof,LOCF,interpolation,0.7659992290232099
90,hst,LOCF,drop,0.7768997285685899
90,hst,LOCF,LOCF,0.7684804572096265
90,hst,LOCF,interpolation,0.7686941026756604
90,z,LOCF,drop,0.7925256883693516
90,z,LOCF,LOCF,0.7823560178257157
90,z,LOCF,interpolation,0.781956042915845
90,lof,LOCF,drop,0.772084975772092
90,lof,LOCF,LOCF,0.7649886696102106
90,lof,LOCF,interpolation,0.7635064665600113
90,hst,LOCF,drop,0.7796190694258772
90,hst,LOCF,LOCF,0.7740240152938762
90,hst,LOCF,interpolation,0.7743358596644379
90,z,LOCF,drop,0.7744344845764208
90,z,LOCF,LOCF,0.7729829695926794
90,z,LOCF,interpolation,0.7720332094974097
90,lof,LOCF,drop,0.7740478212786841
90,lof,LOCF,LOCF,0.7694924465857956
90,lof,LOCF,interpolation,0.769915736682881
90,hst,LOCF,drop,0.7672991911634984
90,hst,LOCF,LOCF,0.7635689768790046
90,hst,LOCF,interpolation,0.7615352367705496
90,z,LOCF,drop,0.7848883832295517
90,z,LOCF,LOCF,0.7756555855454512
90,z,LOCF,interpolation,0.7755805422793751
90,lof,LOCF,drop,0.7733263193932534
90,lof,LOCF,LOCF,0.7731036675556178
90,lof,LOCF,interpolation,0.7717974261057262
90,hst,LOCF,drop,0.7765366990363708
90,hst,LOCF,LOCF,0.7700911196508717
90,hst,LOCF,interpolation,0.7697570262614902
90,z,LOCF,drop,0.7833900008178334
90,z,LOCF,LOCF,0.7760303546881737
90,z,LOCF,interpolation,0.7754061114682285
90,lof,LOCF,drop,0.7800505297787801
90,lof,LOCF,LOCF,0.7686176907400503
90,lof,LOCF,interpolation,0.7684347227804947
90,hst,LOCF,drop,0.7815651018411587
90,hst,LOCF,LOCF,0.7667054811043545
90,hst,LOCF,interpolation,0.7661541176869924
80,z,drop,drop,0.790436602436748
80,z,drop,LOCF,0.7760594628950964
80,z,drop,interpolation,0.7737190060370307
80,lof,drop,drop,0.7893524213714703
80,lof,drop,LOCF,0.7819087110737131
80,lof,drop,interpolation,0.7812518432119058
80,hst,drop,drop,0.7946172180404634
80,hst,drop,LOCF,0.7715403042508437
80,hst,drop,interpolation,0.7691810539142013
80,z,drop,drop,0.7874357889193347
80,z,drop,LOCF,0.7783637886857742
80,z,drop,interpolation,0.7749381733029083
80,lof,drop,drop,0.7949484596947621
80,lof,drop,LOCF,0.7806014157548141
80,lof,drop,interpolation,0.7816143488401068
80,hst,drop,drop,0.7934748103648122
80,hst,drop,LOCF,0.7791347454745112
80,hst,drop,interpolation,0.7765363273002188
80,z,drop,drop,0.7855683333760408
80,z,drop,LOCF,0.7758886577389208
80,z,drop,interpolation,0.7758000537929649
80,lof,drop,drop,0.7978627457656318
80,lof,drop,LOCF,0.782918203492095
80,lof,drop,interpolation,0.7791962570433354
80,hst,drop,drop,0.7975759128207692
80,hst,drop,LOCF,0.7826848689721986
80,hst,drop,interpolation,0.7820190007564441
80,z,drop,drop,0.7895102247219283
80,z,drop,LOCF,0.7777680124983082
80,z,drop,interpolation,0.7781395956836333
80,lof,drop,drop,0.7952663521183985
80,lof,drop,LOCF,0.7810181745737227
80,lof,drop,interpolation,0.7814216851682174
80,hst,drop,drop,0.7909632382816548
80,hst,drop,LOCF,0.7775560907441883
80,hst,drop,interpolation,0.7771014709048449
80,z,drop,drop,0.7899091535419684
80,z,drop,LOCF,0.7799549953704912
80,z,drop,interpolation,0.7809035298544756
80,lof,drop,drop,0.7994250562451752
80,lof,drop,LOCF,0.7851934315466168
80,lof,drop,interpolation,0.7822088423380851
80,hst,drop,drop,0.7925512019314314
80,hst,drop,LOCF,0.7803462417135433
80,hst,drop,interpolation,0.7819915213302654
80,z,drop,drop,0.7887842052138485
80,z,drop,LOCF,0.7754552407779146
80,z,drop,interpolation,0.7748915257131892
80,lof,drop,drop,0.7988100281088107
80,lof,drop,LOCF,0.7830499713775886
80,lof,drop,interpolation,0.779694768246443
80,hst,drop,drop,0.7903466072151699
80,hst,drop,LOCF,0.7733599070440983
80,hst,drop,interpolation,0.7726143763281506
80,z,drop,drop,0.7868816278277492
80,z,drop,LOCF,0.7714900202417603
80,z,drop,interpolation,0.7714894843201586
80,lof,drop,drop,0.808116315082247
80,lof,drop,LOCF,0.7832673271752195
80,lof,drop,interpolation,0.7840583850536353
80,hst,drop,drop,0.782548430297958
80,hst,drop,LOCF,0.772571741467077
80,hst,drop,interpolation,0.7702746588161782
80,z,drop,drop,0.7745122819315982
80,z,drop,LOCF,0.773324679137617
80,z,drop,interpolation,0.7729179633912957
80,lof,drop,drop,0.8023577518157066
80,lof,drop,LOCF,0.7839733003564084
80,lof,drop,interpolation,0.7862463334037737
80,hst,drop,drop,0.7928231440831597
80,hst,drop,LOCF,0.7768745207071548
80,hst,drop,interpolation,0.775924800527459
80,z,LOCF,drop,0.7825274430548361
80,z,LOCF,LOCF,0.7729872430608924
80,z,LOCF,interpolation,0.7706856095935812
80,lof,LOCF,drop,0.767595607223225
80,lof,LOCF,LOCF,0.7645830294384997
80,lof,LOCF,interpolation,0.764502157013815
80,hst,LOCF,drop,0.7831927542758151
80,hst,LOCF,LOCF,0.7622929553679318
80,hst,LOCF,interpolation,0.7607260649185339
80,z,LOCF,drop,0.7820214914278611
80,z,LOCF,LOCF,0.7760547013943533
80,z,LOCF,interpolation,0.7737629253552638
80,lof,LOCF,drop,0.7665883544643954
80,lof,LOCF,LOCF,0.7649657674321481
80,lof,LOCF,interpolation,0.7664446479955281
80,hst,LOCF,drop,0.7778516672127316
80,hst,LOCF,LOCF,0.7695222376617172
80,hst,LOCF,interpolation,0.7678230938282427
80,z,LOCF,drop,0.7893184858611626
80,z,LOCF,LOCF,0.7752086647749309
80,z,LOCF,interpolation,0.7737039360125313
80,lof,LOCF,drop,0.7817615150265294
80,lof,LOCF,LOCF,0.7676962963744047
80,lof,LOCF,interpolation,0.7667345171356837
80,hst,LOCF,drop,0.7795785548862678
80,hst,LOCF,LOCF,0.7734157678366401
80,hst,LOCF,interpolation,0.7739463137489735
80,z,LOCF,drop,0.7856913031155506
80,z,LOCF,LOCF,0.7769127563719758
80,z,LOCF,interpolation,0.777664293254722
80,lof,LOCF,drop,0.7688618892077266
80,lof,LOCF,LOCF,0.7648078246938663
80,lof,LOCF,interpolation,0.7657979699837334
80,hst,LOCF,drop,0.7830481535632539
80,hst,LOCF,LOCF,0.773520086547905
80,hst,LOCF,interpolation,0.774031156213866
80,z,LOCF,drop,0.7851233727811271
80,z,LOCF,LOCF,0.7775548843889926
80,z,LOCF,interpolation,0.7774399574450461
80,lof,LOCF,drop,0.7685586032090334
80,lof,LOCF,LOCF,0.7698823274378652
80,lof,LOCF,interpolation,0.7692146431894351
80,hst,LOCF,drop,0.785664510015839
80,hst,LOCF,LOCF,0.777383295898889
80,hst,LOCF,interpolation,0.7765372071174581
80,z,LOCF,drop,0.7852883262616447
80,z,LOCF,LOCF,0.773322295716951
80,z,LOCF,interpolation,0.7731667929427276
80,lof,LOCF,drop,0.7752693362848486
80,lof,LOCF,LOCF,0.7628632322761053
80,lof,LOCF,interpolation,0.7635262697973835
80,hst,LOCF,drop,0.7781178772091404
80,hst,LOCF,LOCF,0.7669180169122403
80,hst,LOCF,interpolation,0.7662063260888308
80,z,LOCF,drop,0.7779594241814656
80,z,LOCF,LOCF,0.7704805418802267
80,z,LOCF,interpolation,0.7716838021443367
80,lof,LOCF,drop,0.7716335567975994
80,lof,LOCF,LOCF,0.7651814810435573
80,lof,LOCF,interpolation,0.7683548597267851
80,hst,LOCF,drop,0.7691625690159581
80,hst,LOCF,LOCF,0.7608383045716506
80,hst,LOCF,interpolation,0.7612395296584575
80,z,LOCF,drop,0.7857839200556437
80,z,LOCF,LOCF,0.7702919346672689
80,z,LOCF,interpolation,0.7700415279926266
80,lof,LOCF,drop,0.7707335563284214
80,lof,LOCF,LOCF,0.7639098679327143
80,lof,LOCF,interpolation,0.7645472269331528
80,hst,LOCF,drop,0.7856519097327761
80,hst,LOCF,LOCF,0.7739864286268827
80,hst,LOCF,interpolation,0.7723032226501267
70,z,drop,drop,0.7837168969832377
70,z,drop,LOCF,0.7715239757289842
70,z,drop,interpolation,0.7705587457347195
70,lof,drop,drop,0.8112467563106949
70,lof,drop,LOCF,0.7860303678724376
70,lof,drop,interpolation,0.7832839896924743
70,hst,drop,drop,0.7872458444858212
70,hst,drop,LOCF,0.7733800900863108
70,hst,drop,interpolation,0.7706154343240956
70,z,drop,drop,0.7829684275882243
70,z,drop,LOCF,0.7728927992682569
70,z,drop,interpolation,0.7705360206296474
70,lof,drop,drop,0.8188066285880906
70,lof,drop,LOCF,0.7855237422634139
70,lof,drop,interpolation,0.7806584770796482
70,hst,drop,drop,0.7806377124437865
70,hst,drop,LOCF,0.7744321259660356
70,hst,drop,interpolation,0.7723729132084034
70,z,drop,drop,0.7834814357133032
70,z,drop,LOCF,0.7758661547936432
70,z,drop,interpolation,0.7765096181522335
70,lof,drop,drop,0.8070161998655905
70,lof,drop,LOCF,0.779878950305135
70,lof,drop,interpolation,0.7787525573756371
70,hst,drop,drop,0.7920698393653235
70,hst,drop,LOCF,0.7755298079942464
70,hst,drop,interpolation,0.7757579969820094
70,z,drop,drop,0.7947519644283527
70,z,drop,LOCF,0.7776911097019523
70,z,drop,interpolation,0.7793620635558072
70,lof,drop,drop,0.8101971566070423
70,lof,drop,LOCF,0.7845971952248999
70,lof,drop,interpolation,0.7854287725477508
70,hst,drop,drop,0.7963497949137386
70,hst,drop,LOCF,0.7806412300809807
70,hst,drop,interpolation,0.7800562259343191
70,z,drop,drop,0.7900800374848529
70,z,drop,LOCF,0.7724342228281286
70,z,drop,interpolation,0.7724359166996567
70,lof,drop,drop,0.807379191636187
70,lof,drop,LOCF,0.7813645071736454
70,lof,drop,interpolation,0.7869541111396261
70,hst,drop,drop,0.7877589826077661
70,hst,drop,LOCF,0.7755424048478602
70,hst,drop,interpolation,0.7751917713747982
70,z,drop,drop,0.7857301700962018
70,z,drop,LOCF,0.7783318772878615
70,z,drop,interpolation,0.7778527977329006
70,lof,drop,drop,0.8014963186280082
70,lof,drop,LOCF,0.7801084683649553
70,lof,drop,interpolation,0.7805780465652898
70,hst,drop,drop,0.7864107834265788
70,hst,drop,LOCF,0.7795041604847425
70,hst,drop,interpolation,0.7808837088886013
70,z,drop,drop,0.80157245101411
70,z,drop,LOCF,0.7796383063858197
70,z,drop,interpolation,0.777856407112422
70,lof,drop,drop,0.8091098185311458
70,lof,drop,LOCF,0.7821498456717305
70,lof,drop,interpolation,0.7716277753589869
70,hst,drop,drop,0.79597186373087
70,hst,drop,LOCF,0.7817218134523385
70,hst,drop,interpolation,0.7802437834031961
70,z,drop,drop,0.7873637090568584
70,z,drop,LOCF,0.7656367542505259
70,z,drop,interpolation,0.7649387864939455
70,lof,drop,drop,0.8119920114802962
70,lof,drop,LOCF,0.7837704033710874
70,lof,drop,interpolation,0.7759562681349709
70,hst,drop,drop,0.7948541857508997
70,hst,drop,LOCF,0.766099621400318
70,hst,drop,interpolation,0.7707307181867215
70,z,LOCF,drop,0.780833341042725
70,z,LOCF,LOCF,0.7711653124439243
70,z,LOCF,interpolation,0.7710320048505404
70,lof,LOCF,drop,0.769092748695476
70,lof,LOCF,LOCF,0.7603774695199212
70,lof,LOCF,interpolation,0.7630036881183621
70,hst,LOCF,drop,0.7767516434509399
70,hst,LOCF,LOCF,0.7690913336201353
70,hst,LOCF,interpolation,0.7697062168304607
70,z,LOCF,drop,0.7754818367750136
70,z,LOCF,LOCF,0.7720340087840384
70,z,LOCF,interpolation,0.7707940713327432
70,lof,LOCF,drop,0.7671201660908726
70,lof,LOCF,LOCF,0.7625883231495276
70,lof,LOCF,interpolation,0.759161452002785
70,hst,LOCF,drop,0.7816598723924836
70,hst,LOCF,LOCF,0.7678284028494812
70,hst,LOCF,interpolation,0.7688689338045456
70,z,LOCF,drop,0.7892527953131042
70,z,LOCF,LOCF,0.7750985451902428
70,z,LOCF,interpolation,0.7755294072336724
70,lof,LOCF,drop,0.7658610821407494
70,lof,LOCF,LOCF,0.7569437996922976
70,lof,LOCF,interpolation,0.7569620071853669
70,hst,LOCF,drop,0.7849253585994135
70,hst,LOCF,LOCF,0.7751893205345398
70,hst,LOCF,interpolation,0.7752775545078081
70,z,LOCF,drop,0.7890517597140128
70,z,LOCF,LOCF,0.7762922319469552
70,z,LOCF,interpolation,0.7763334314212129
70,lof,LOCF,drop,0.7729931969575038
70,lof,LOCF,LOCF,0.7588777895881098
70,lof,LOCF,interpolation,0.7604509281816968
70,hst,LOCF,drop,0.7877526758999767
70,hst,LOCF,LOCF,0.774894111675253
70,hst,LOCF,interpolation,0.7756116400777999
70,z,LOCF,drop,0.7806564205319445
70,z,LOCF,LOCF,0.7686774054002992
70,z,LOCF,interpolation,0.7706016697339022
70,lof,LOCF,drop,0.768995637775337
70,lof,LOCF,LOCF,0.755402481099224
70,lof,LOCF,interpolation,0.7550536322956293
70,hst,LOCF,drop,0.7746169574712155
70,hst,LOCF,LOCF,0.7658972205249482
70,hst,LOCF,interpolation,0.7669614245408554
70,z,LOCF,drop,0.7840765789242423
70,z,LOCF,LOCF,0.7773904610834501
70,z,LOCF,interpolation,0.7776677324072435
70,lof,LOCF,drop,0.7647840833646993
70,lof,LOCF,LOCF,0.7590891176623416
70,lof,LOCF,interpolation,0.7611206479400877
70,hst,LOCF,drop,0.7791179091802263
70,hst,LOCF,LOCF,0.772860762607606
70,hst,LOCF,interpolation,0.7709861701477764
70,z,LOCF,drop,0.7978543373007383
70,z,LOCF,LOCF,0.7777571619408467
70,z,LOCF,interpolation,0.7770337320408155
70,lof,LOCF,drop,0.7701316098270092
70,lof,LOCF,LOCF,0.761553355011537
70,lof,LOCF,interpolation,0.7589525150580329
70,hst,LOCF,drop,0.7959076321541784
70,hst,LOCF,LOCF,0.7786919376798218
70,hst,LOCF,interpolation,0.7772885322826858
70,z,LOCF,drop,0.7811354357913777
70,z,LOCF,LOCF,0.7631167043948933
70,z,LOCF,interpolation,0.7634020894006069
70,lof,LOCF,drop,0.773982914808567
70,lof,LOCF,LOCF,0.7595148358237997
70,lof,LOCF,interpolation,0.7577134578003379
70,hst,LOCF,drop,0.7821496859486989
70,hst,LOCF,LOCF,0.7594947368352494
70,hst,LOCF,interpolation,0.7603666591009808
60,z,drop,drop,0.7842008355781569
60,z,drop,LOCF,0.7690757078455227
60,z,drop,interpolation,0.7689871740142459
60,lof,drop,drop,0.8024598109759818
60,lof,drop,LOCF,0.7845191233389434
60,lof,drop,interpolation,0.7822575284203663
60,hst,drop,drop,0.787828033600781
60,hst,drop,LOCF,0.7738530603422417
60,hst,drop,interpolation,0.7699468640607836
60,z,drop,drop,0.7840196315660567
60,z,drop,LOCF,0.7721188579081175
60,z,drop,interpolation,0.7727763308432157
60,lof,drop,drop,0.7906739140364668
60,lof,drop,LOCF,0.771501541085272
60,lof,drop,interpolation,0.7760109299458108
60,hst,drop,drop,0.7871648933947023
60,hst,drop,LOCF,0.7716989376705625
60,hst,drop,interpolation,0.7698480525893768
60,z,drop,drop,0.78382433719845
60,z,drop,LOCF,0.7660983307644097
60,z,drop,interpolation,0.7678496484644364
60,lof,drop,drop,0.8159896488723017
60,lof,drop,LOCF,0.7852902816131877
60,lof,drop,interpolation,0.7812348299706162
60,hst,drop,drop,0.7809617908854247
60,hst,drop,LOCF,0.7691556401036997
60,hst,drop,interpolation,0.7717266237948202
60,z,drop,drop,0.7781855347923418
60,z,drop,LOCF,0.7684811128584395
60,z,drop,interpolation,0.7686539640174583
60,lof,drop,drop,0.8109606817183028
60,lof,drop,LOCF,0.7826088221865677
60,lof,drop,interpolation,0.7826404083850242
60,hst,drop,drop,0.7844380477061135
60,hst,drop,LOCF,0.7748523308112618
60,hst,drop,interpolation,0.7742026604722532
60,z,drop,drop,0.7817655004736445
60,z,drop,LOCF,0.7681184169765557
60,z,drop,interpolation,0.7682476469483325
60,lof,drop,drop,0.7960709440540953
60,lof,drop,LOCF,0.7809576377265186
60,lof,drop,interpolation,0.7807763545362256
60,hst,drop,drop,0.7831292188432626
60,hst,drop,LOCF,0.7708626467530859
60,hst,drop,interpolation,0.7696649669353676
60,z,drop,drop,0.7838055186237021
60,z,drop,LOCF,0.7681500671824113
60,z,drop,interpolation,0.7663090551995222
60,lof,drop,drop,0.8115028677672826
60,lof,drop,LOCF,0.7788534560227447
60,lof,drop,interpolation,0.7745246473569105
60,hst,drop,drop,0.7868102756358305
60,hst,drop,LOCF,0.7709777162699323
60,hst,drop,interpolation,0.7682336905221914
60,z,drop,drop,0.780936383984418
60,z,drop,LOCF,0.7635547706753766
60,z,drop,interpolation,0.7582509849454301
60,lof,drop,drop,0.8188140268077692
60,lof,drop,LOCF,0.7770628736283868
60,lof,drop,interpolation,0.7706489832461387
60,hst,drop,drop,0.7725375566006039
60,hst,drop,LOCF,0.7618179851758538
60,hst,drop,interpolation,0.754918967289504
60,z,drop,drop,0.7777737345724876
60,z,drop,LOCF,0.7708336732697598
60,z,drop,interpolation,0.7711240573409397
60,lof,drop,drop,0.8009351161650221
60,lof,drop,LOCF,0.7787888963333739
60,lof,drop,interpolation,0.7761972671782245
60,hst,drop,drop,0.7736130925601473
60,hst,drop,LOCF,0.7771418604466319
60,hst,drop,interpolation,0.7732188681247709
60,z,LOCF,drop,0.7846978248677932
60,z,LOCF,LOCF,0.7675969990163647
60,z,LOCF,interpolation,0.7672669395162579
60,lof,LOCF,drop,0.7795668273729346
60,lof,LOCF,LOCF,0.7547161870058939
60,lof,LOCF,interpolation,0.7565459392628767
60,hst,LOCF,drop,0.7833714528149258
60,hst,LOCF,LOCF,0.7694164338576523
60,hst,LOCF,interpolation,0.7687685883359998
60,z,LOCF,drop,0.788029490848927
60,z,LOCF,LOCF,0.7699805352044612
60,z,LOCF,interpolation,0.7705689655339647
60,lof,LOCF,drop,0.7661824274448432
60,lof,LOCF,LOCF,0.7611189244663783
60,lof,LOCF,interpolation,0.7583589290708221
60,hst,LOCF,drop,0.7845841937436008
60,hst,LOCF,LOCF,0.7662277091805666
60,hst,LOCF,interpolation,0.7648860300504965
60,z,LOCF,drop,0.7836260941839833
60,z,LOCF,LOCF,0.7636094859684659
60,z,LOCF,interpolation,0.7635276319200941
60,lof,LOCF,drop,0.7706165300992002
60,lof,LOCF,LOCF,0.754057311407786
60,lof,LOCF,interpolation,0.7522704563430486
60,hst,LOCF,drop,0.7813652889822611
60,hst,LOCF,LOCF,0.7597704759379864
60,hst,LOCF,interpolation,0.76170842840533
60,z,LOCF,drop,0.7778857088371316
60,z,LOCF,LOCF,0.766741651782658
60,z,LOCF,interpolation,0.7658503744309062
60,lof,LOCF,drop,0.7627150614964668
60,lof,LOCF,LOCF,0.7555339929417613
60,lof,LOCF,interpolation,0.7563288342845305
60,hst,LOCF,drop,0.7860625374796674
60,hst,LOCF,LOCF,0.7695253424476576
60,hst,LOCF,interpolation,0.768051865310372
60,z,LOCF,drop,0.7807984989892369
60,z,LOCF,LOCF,0.7660545346387595
60,z,LOCF,interpolation,0.7644588001298076
60,lof,LOCF,drop,0.7618180735318538
60,lof,LOCF,LOCF,0.7630703111547461
60,lof,LOCF,interpolation,0.7608475756952902
60,hst,LOCF,drop,0.7827374732707186
60,hst,LOCF,LOCF,0.7614881532032938
60,hst,LOCF,interpolation,0.7624383254378249
60,z,LOCF,drop,0.7858904237740129
60,z,LOCF,LOCF,0.7656305348887298
60,z,LOCF,interpolation,0.766519540758739
60,lof,LOCF,drop,0.7676527806111204
60,lof,LOCF,LOCF,0.7530772148911845
60,lof,LOCF,interpolation,0.7517187369096966
60,hst,LOCF,drop,0.7845244523160888
60,hst,LOCF,LOCF,0.7633148572146713
60,hst,LOCF,interpolation,0.7613168857489732
60,z,LOCF,drop,0.780674096417366
60,z,LOCF,LOCF,0.7607361202282278
60,z,LOCF,interpolation,0.7587727626242583
60,lof,LOCF,drop,0.7763812910488845
60,lof,LOCF,LOCF,0.7583402004137325
60,lof,LOCF,interpolation,0.7589269577291903
60,hst,LOCF,drop,0.7709550840048752
60,hst,LOCF,LOCF,0.7462692872443817
60,hst,LOCF,interpolation,0.7432906239871291
60,z,LOCF,drop,0.7775840572747201
60,z,LOCF,LOCF,0.7676399685008004
60,z,LOCF,interpolation,0.7681277721154006
60,lof,LOCF,drop,0.7718347610143104
60,lof,LOCF,LOCF,0.7516547220785597
60,lof,LOCF,interpolation,0.7551573869045278
60,hst,LOCF,drop,0.7727162403325365
60,hst,LOCF,LOCF,0.76641344984105
60,hst,LOCF,interpolation,0.7668104436551455
50,z,drop,drop,0.7806169741201533
50,z,drop,LOCF,0.7623425029069207
50,z,drop,interpolation,0.759632369940177
50,lof,drop,drop,0.775231925517238
50,lof,drop,LOCF,0.749050121070369
50,lof,drop,interpolation,0.7364318911935984
50,hst,drop,drop,0.7838335687562719
50,hst,drop,LOCF,0.7636490904817385
50,hst,drop,interpolation,0.7602222238399092
50,z,drop,drop,0.7804396548458967
50,z,drop,LOCF,0.7582734776373501
50,z,drop,interpolation,0.7582526831627229
50,lof,drop,drop,0.7944281915988427
50,lof,drop,LOCF,0.7515521211720545
50,lof,drop,interpolation,0.7334919809154704
50,hst,drop,drop,0.788530009173365
50,hst,drop,LOCF,0.7591986124066924
50,hst,drop,interpolation,0.7550588350641225
50,z,drop,drop,0.7839925560802387
50,z,drop,LOCF,0.7646135274250181
50,z,drop,interpolation,0.7657504278500157
50,lof,drop,drop,0.7854002047340999
50,lof,drop,LOCF,0.7438653531095702
50,lof,drop,interpolation,0.732489109391135
50,hst,drop,drop,0.7841290983515715
50,hst,drop,LOCF,0.7625936526763247
50,hst,drop,interpolation,0.7610081248227965
50,z,drop,drop,0.7735170953604606
50,z,drop,LOCF,0.7621312934185166
50,z,drop,interpolation,0.7584121703190647
50,lof,drop,drop,0.8031817233320366
50,lof,drop,LOCF,0.7490399445290541
50,lof,drop,interpolation,0.727992055180976
50,hst,drop,drop,0.7760704402118487
50,hst,drop,LOCF,0.7609125404035783
50,hst,drop,interpolation,0.7545989122459275
50,z,drop,drop,0.7797370689258604
50,z,drop,LOCF,0.7651454091187269
50,z,drop,interpolation,0.762851373267168
50,lof,drop,drop,0.7806665048683137
50,lof,drop,LOCF,0.7558304562384451
50,lof,drop,interpolation,0.7337648204406637
50,hst,drop,drop,0.7776624088495322
50,hst,drop,LOCF,0.7618807697979652
50,hst,drop,interpolation,0.7589690117686417
50,z,drop,drop,0.7754901382741225
50,z,drop,LOCF,0.7606020485921777
50,z,drop,interpolation,0.7602150468426903
50,lof,drop,drop,0.7987289393316745
50,lof,drop,LOCF,0.7456356737505698
50,lof,drop,interpolation,0.7339890718625596
50,hst,drop,drop,0.7801163170532408
50,hst,drop,LOCF,0.7573411697163641
50,hst,drop,interpolation,0.7545483585944838
50,z,drop,drop,0.7773022326665965
50,z,drop,LOCF,0.7607233006496018
50,z,drop,interpolation,0.7612115547742949
50,lof,drop,drop,0.7712576239681617
50,lof,drop,LOCF,0.751282967914287
50,lof,drop,interpolation,0.7381371395325182
50,hst,drop,drop,0.7728346553200272
50,hst,drop,LOCF,0.7655582647640561
50,hst,drop,interpolation,0.7653525316741508
50,z,drop,drop,0.781835905772027
50,z,drop,LOCF,0.7649765954165522
50,z,drop,interpolation,0.7628186884574988
50,lof,drop,drop,0.7932580180538034
50,lof,drop,LOCF,0.7419898852255636
50,lof,drop,interpolation,0.7349544910161052
50,hst,drop,drop,0.7802624527850015
50,hst,drop,LOCF,0.7669564907004333
50,hst,drop,interpolation,0.7590437223164477
50,z,LOCF,drop,0.7806169741201533
50,z,LOCF,LOCF,0.7623425029069207
50,z,LOCF,interpolation,0.759632369940177
50,lof,LOCF,drop,0.775231925517238
50,lof,LOCF,LOCF,0.749050121070369
50,lof,LOCF,interpolation,0.7364318911935984
50,hst,LOCF,drop,0.7838335687562719
50,hst,LOCF,LOCF,0.7636490904817385
50,hst,LOCF,interpolation,0.7602222238399092
50,z,LOCF,drop,0.7804396548458967
50,z,LOCF,LOCF,0.7582734776373501
50,z,LOCF,interpolation,0.7582526831627229
50,lof,LOCF,drop,0.7944281915988427
50,lof,LOCF,LOCF,0.7515521211720545
50,lof,LOCF,interpolation,0.7334919809154704
50,hst,LOCF,drop,0.788530009173365
50,hst,LOCF,LOCF,0.7591986124066924
50,hst,LOCF,interpolation,0.7550588350641225
50,z,LOCF,drop,0.7839925560802387
50,z,LOCF,LOCF,0.7646135274250181
50,z,LOCF,interpolation,0.7657504278500157
50,lof,LOCF,drop,0.7854002047340999
50,lof,LOCF,LOCF,0.7438653531095702
50,lof,LOCF,interpolation,0.732489109391135
50,hst,LOCF,drop,0.7841290983515715
50,hst,LOCF,LOCF,0.7625936526763247
50,hst,LOCF,interpolation,0.7610081248227965
50,z,LOCF,drop,0.7735170953604606
50,z,LOCF,LOCF,0.7621312934185166
50,z,LOCF,interpolation,0.7584121703190647
50,lof,LOCF,drop,0.8031817233320366
50,lof,LOCF,LOCF,0.7490399445290541
50,lof,LOCF,interpolation,0.727992055180976
50,hst,LOCF,drop,0.7760704402118487
50,hst,LOCF,LOCF,0.7609125404035783
50,hst,LOCF,interpolation,0.7545989122459275
50,z,LOCF,drop,0.7797370689258604
50,z,LOCF,LOCF,0.7651454091187269
50,z,LOCF,interpolation,0.762851373267168
50,lof,LOCF,drop,0.7806665048683137
50,lof,LOCF,LOCF,0.7558304562384451
50,lof,LOCF,interpolation,0.7337648204406637
50,hst,LOCF,drop,0.7776624088495322
50,hst,LOCF,LOCF,0.7618807697979652
50,hst,LOCF,interpolation,0.7589690117686417
50,z,LOCF,drop,0.7754901382741225
50,z,LOCF,LOCF,0.7606020485921777
50,z,LOCF,interpolation,0.7602150468426903
50,lof,LOCF,drop,0.7987289393316745
50,lof,LOCF,LOCF,0.7456356737505698
50,lof,LOCF,interpolation,0.7339890718625596
50,hst,LOCF,drop,0.7801163170532408
50,hst,LOCF,LOCF,0.7573411697163641
50,hst,LOCF,interpolation,0.7545483585944838
50,z,LOCF,drop,0.7773022326665965
50,z,LOCF,LOCF,0.7607233006496018
50,z,LOCF,interpolation,0.7612115547742949
50,lof,LOCF,drop,0.7712576239681617
50,lof,LOCF,LOCF,0.751282967914287
50,lof,LOCF,interpolation,0.7381371395325182
50,hst,LOCF,drop,0.7728346553200272
50,hst,LOCF,LOCF,0.7655582647640561
50,hst,LOCF,interpolation,0.7653525316741508
50,z,LOCF,drop,0.781835905772027
50,z,LOCF,LOCF,0.7649765954165522
50,z,LOCF,interpolation,0.7628186884574988
50,lof,LOCF,drop,0.7932580180538034
50,lof,LOCF,LOCF,0.7419898852255636
50,lof,LOCF,interpolation,0.7349544910161052
50,hst,LOCF,drop,0.7802624527850015
50,hst,LOCF,LOCF,0.7669564907004333
50,hst,LOCF,interpolation,0.7590437223164477
